"0","history <- model$fit("
"0","  X_train, y_train,"
"0","  epochs = 100,"
"0","  batch_size = 8,"
"0","  validation_split = 0.2,"
"0","  verbose = 1"
"0",")"
"2","Error in py_call_impl(callable, call_args$unnamed, call_args$named) : 
  TypeError: Expected int32 passed to parameter 'size' of op 'Slice', got [40.0] of type 'list' instead. Error: Expected int32, but got 40.0 of type 'float'.
[90mRun ]8;;rstudio:run:reticulate::py_last_error()`reticulate::py_last_error()`]8;; for details.[39m
"
