date,open,high,low,close,volume,vix_close
2020-01-02,238.75,239.91,236.72,239.91,5941969,12.47
2020-01-03,235.1,237.83,234.1,236.07,5144308,14.02
2020-01-06,232.32,237.27,231.27,237.06,6572812,13.85
2020-01-07,238.2,241.77,236.39,239.93,7980144,13.79
2020-01-08,239.76,242.04,238.15,240.38,6931017,13.45
2020-01-09,243.85,245.93,240.86,243.02,6386053,12.54
2020-01-10,247.33,248.55,243.75,244.32,7911560,12.56
2020-01-13,247.66,252.99,246.75,251.98,7739168,12.32
2020-01-14,250.26,251.28,246.75,247.28,8989483,12.39
2020-01-15,247.79,248.69,244.53,245.57,6577636,12.42
2020-01-16,247.72,249.17,246.78,248.93,7104791,12.32
2020-01-17,249.7,250,247.37,249.28,6344764,12.1
2020-01-21,247.81,249.29,246.57,247.94,5321260,12.85
2020-01-22,249.76,253.59,249,250.11,5980967,12.91
2020-01-23,251.72,253.2,248.15,252.86,6112861,12.98
2020-01-24,257.5,259.5,248.3,250.48,9337839,14.56
2020-01-27,238.24,242.25,232.23,240.2,11763354,18.23
2020-01-28,242.85,249.27,240.71,247.97,7774401,16.28
2020-01-29,247.39,248.84,243.94,245.54,6486279,16.39
2020-01-30,241.61,246.35,239.4,245.81,7262590,15.49
2020-01-31,243.97,244.45,234.75,236.43,9260493,18.84
2020-02-03,235.7,241.11,235.45,240.33,6398205,17.97
2020-02-04,246.03,247.9,244.02,247.13,6788589,16.05
2020-02-05,251.99,252.4,247.41,250.76,5205502,15.15
2020-02-06,252.14,254.25,248.88,254.25,5457051,14.96
2020-02-07,252.64,253.53,250.57,251.59,4743803,15.47
2020-02-10,252.5,263,252.3,262.97,13240194,15.04
2020-02-11,267.32,272.5,264.83,267.89,15963922,15.18
2020-02-12,270.01,272.8,268.45,272.54,9366118,13.74
2020-02-13,270.21,273.48,269.11,270.78,13200384,14.15
2020-02-14,287.26,294.97,286,289.79,26048093,13.68
2020-02-18,285.64,297.31,284.86,296.57,15547025,14.83
2020-02-19,301.49,315.41,301.49,314.7,17358281,14.38
2020-02-20,312.77,316.32,296.35,308.7,20251259,15.56
2020-02-21,304.19,305.2,290.66,294.07,19232331,17.08
2020-02-24,270.19,281.87,268,273.28,21422873,25.03
2020-02-25,276.3,278.79,257.96,262.05,26387442,27.85
2020-02-26,262.06,275.45,262,267.65,18741536,27.56
2020-02-27,254.9,267,248.89,252.6,22660373,39.16
2020-02-28,242.46,272.46,241.79,270.07,28366882,40.11
2020-03-02,276.9,277.59,261,276.43,22268639,33.42
2020-03-03,278.67,281.07,262.46,265.89,16319828,36.82
2020-03-04,270.2,284.89,267.2,284.51,14935184,31.99
2020-03-05,276.5,283.2,271.5,273.29,13508187,39.62
2020-03-06,266.08,268.39,258,266.04,12885307,41.94
2020-03-09,239.9,259.4,238.18,245.44,15353960,54.46
2020-03-10,256.54,261.08,245.99,261.08,14516218,47.3
2020-03-11,255.46,256.6,242.57,246.47,12551693,53.9
2020-03-12,225.46,236.12,215.8,216.31,20413535,75.47
2020-03-13,230.5,241.02,219.61,240.84,15870943,57.83
2020-03-16,212.41,226.1,194,196.4,18174303,82.69
2020-03-17,200.91,220.86,191,217.27,20840799,75.91
2020-03-18,200.1,209.94,180.68,202.82,21727385,76.45
2020-03-19,201.96,216.73,193.39,212.97,19137847,72
2020-03-20,219,230.32,205.13,205.75,20115854,66.04
2020-03-23,205.71,216.48,198.52,212.69,16096866,61.59
2020-03-24,229,252.66,228.05,249.18,27541095,61.67
2020-03-25,253.8,261.82,243.66,245.62,19835767,63.95
2020-03-26,253.94,262.22,250,257.24,17439692,61
2020-03-27,250,263.12,248.68,252.73,15970744,65.54
2020-03-30,255.36,265.96,253.59,265.59,15056253,57.08
2020-03-31,267.2,275.4,257.75,263.6,23749014,53.54
2020-04-01,255.65,261.53,241.28,243.07,16422828,57.06
2020-04-02,244.24,256,242.31,255.47,16894113,50.91
2020-04-03,253.96,255.63,238.39,243.91,16580346,46.8
2020-04-06,255.24,269.88,252.93,268.4,18197062,45.24
2020-04-07,277.3,278.25,257.3,259.03,19613047,46.7
2020-04-08,263.41,267.95,260.6,266.95,13561113,43.35
2020-04-09,272,272.92,260.42,262.95,13156195,41.67
2020-04-13,260.55,270.2,257,269.85,9960182,41.17
2020-04-14,275,285.32,273.89,283.95,13273667,37.76
2020-04-15,277.2,284.17,275.38,280.84,9153721,40.84
2020-04-16,287.08,299,286.55,294.7,18640510,40.11
2020-04-17,298,298.86,286.94,292.32,13478049,38.15
2020-04-20,287.24,293.5,285.27,287.05,11234705,43.83
2020-04-21,282.31,284.77,267.11,269.51,18378996,45.41
2020-04-22,277.23,287.87,275.4,286.15,12118228,41.98
2020-04-23,287.84,293.14,283,284.01,10603988,41.38
2020-04-24,283.6,289.67,280.6,289.59,8816137,35.93
2020-04-27,294.99,303.5,294,297.08,11984699,33.29
2020-04-28,303,304.2,291.14,291.36,11072603,33.57
2020-04-29,296.77,300.58,293.75,298.46,9479047,31.23
2020-04-30,296.29,298.46,291.72,292.28,9397943,34.15
2020-05-01,284.35,288.9,280.84,282.78,8552445,37.19
2020-05-04,280.88,291.84,280.88,291.29,7938880,35.97
2020-05-05,295.47,300.27,291.29,293.74,9222391,33.61
2020-05-06,296.93,302,295.41,297.79,8086639,34.12
2020-05-07,303.38,307.41,301.32,304.87,9343263,31.44
2020-05-08,307.75,312.75,306.39,312.5,8497678,27.98
2020-05-11,312.3,324.5,311.15,322.62,11726504,27.57
2020-05-12,324.94,326.9,311.71,312.1,12326482,33.04
2020-05-13,316.7,323.14,303.79,311.2,15646252,35.28
2020-05-14,313.67,321.44,307.5,321.22,15057809,32.61
2020-05-15,315.59,340.02,314.96,339.63,24691543,31.89
2020-05-18,350.42,356.66,347.22,350.01,19410086,29.3
2020-05-19,351.61,363.5,350.51,352.22,17933049,30.53
2020-05-20,359.64,361.72,355.55,358.8,14688405,27.99
2020-05-21,362.06,362.1,349.5,351.01,17552200,29.53
2020-05-22,353.01,363.72,348.53,361.05,25969125,28.16
2020-05-26,366.27,367.27,346.88,348.71,19269476,28.01
2020-05-27,345,345.31,319.87,341.01,29397306,27.62
2020-05-28,336.49,350.42,335.17,339.48,18403204,28.59
2020-05-29,342.18,355.02,339.4,355.02,18647994,27.51
2020-06-01,353.33,353.63,347.58,352.25,9762775,28.23
2020-06-02,351.85,353.49,346.32,353.01,9783014,26.84
2020-06-03,352.89,354.65,348,350.78,9135972,25.66
2020-06-04,349.12,357.73,347.1,350.66,10606960,25.81
2020-06-05,351.78,359.88,348.32,356.8,12043651,24.52
2020-06-08,355.09,355.59,347.43,352.2,9693431,25.81
2020-06-09,352,364.39,350.05,361.84,11712221,27.57
2020-06-10,366.71,380,366.14,374.67,15804537,27.57
2020-06-11,366,370.45,351.44,351.85,14591256,40.79
2020-06-12,366.5,367.49,348.13,357.3,14272704,36.09
2020-06-15,352.61,367.29,349.75,366.95,10000054,34.4
2020-06-16,369,370.67,353.55,362.74,13392875,33.67
2020-06-17,364.55,371.96,362.81,369.44,10207641,33.47
2020-06-18,369.08,371.3,364.58,368.72,6360238,32.94
2020-06-19,369.7,377.8,369.09,370.45,13104013,35.12
2020-06-22,372,381.25,370.93,381.07,9961662,31.77
2020-06-23,382.04,385.7,376.3,378,9377685,31.37
2020-06-24,379.05,382.26,365.78,369.42,11234272,33.84
2020-06-25,374.23,380.2,367.29,379.6,9401800,32.22
2020-06-26,380,380,365,366.2,14802144,34.73
2020-06-29,366.79,368.18,356,368,8556203,31.78
2020-06-30,372.56,381.05,370.66,379.91,9197300,30.43
2020-07-01,380.83,383.03,376.52,381.2,8237180,28.62
2020-07-02,385.56,389.5,383.13,384.49,9101892,27.68
2020-07-06,389.67,396.35,388.5,393.57,7903881,27.94
2020-07-07,397.85,402.8,394.03,394.87,8945039,29.43
2020-07-08,399.75,409,398.62,408.64,9437346,28.08
2020-07-09,415.21,422.8,409.34,420.36,12367718,29.26
2020-07-10,423.55,426.21,415.15,419.17,12441869,27.29
2020-07-13,423.8,431.69,401,402.09,11426932,32.19
2020-07-14,403,416.11,391.42,415.08,13567356,29.52
2020-07-15,416.57,417.32,402.23,409.09,10099623,27.76
2020-07-16,400.6,408.27,395.82,405.39,8624118,28
2020-07-17,409.02,409.94,403.51,408.06,6657123,25.68
2020-07-20,410.97,421.25,406.27,420.43,7039983,24.46
2020-07-21,420.52,422.4,411.47,413.14,6866718,24.84
2020-07-22,414.7,424.1,411.6623,417.55,9182271,24.32
2020-07-23,418,421.88,401.25,405.19,10291532,26.08
2020-07-24,395,414.59,391.08,407.78,11832300,25.84
2020-07-27,409.29,417.67,408.71,416.86,7303255,24.74
2020-07-28,414.97,415.28,408.37,408.62,6790901,25.44
2020-07-29,415.632,420.65,413.88,418.62,7112692,24.1
2020-07-30,415,424.9218,411.81,424.56,7722004,24.76
2020-07-31,422.53,430.66,417.32,424.59,9657150,24.46
2020-08-03,429.3,443.95,428.61,440.41,10325456,24.28
2020-08-04,442,449.11,436.2401,449.11,7758390,23.76
2020-08-05,449.76,454.8672,446.65,451.47,6262493,22.99
2020-08-06,453.99,454.32,447.15,453.42,6107892,22.65
2020-08-07,452.5,460.19,441.5,447.98,8562899,22.21
2020-08-10,453.37,456.33,434.26,446.6,10694898,22.13
2020-08-11,442.95,445.47,431.83,434,8862763,24.03
2020-08-12,439.63,458.68,438.33,457.61,11623573,22.28
2020-08-13,461.84,468.87,454.23,457.72,9361489,22.13
2020-08-14,461.2,468.19,457.62,462.56,9160904,22.05
2020-08-17,474.05,496.39,472.6876,493.48,15417858,21.35
2020-08-18,498,499.84,483.45,490.43,12586155,21.51
2020-08-19,491.86,492.6,483.92,485.54,15565558,22.54
2020-08-20,479,495,475.15,485.64,23034656,22.72
2020-08-21,488.07,512.348,487.8064,507.34,24996738,22.54
2020-08-24,515.35,516.5,500.3,508.81,12264105,22.37
2020-08-25,505.23,510.45,502.95,510,7226920,22.03
2020-08-26,511.9694,514.7396,507.11,510.92,8031073,23.27
2020-08-27,511.26,514,502.6573,505.13,7940073,24.47
2020-08-28,506.9965,525.92,505.7,525.91,13428963,22.96
2020-08-31,527.3114,543,521.51,534.98,12521030,26.41
2020-09-01,539.2,559.75,537.46,552.84,12811849,26.12
2020-09-02,588.15,589.0699,556,573.86,21850322,26.57
2020-09-03,553.1454,555.38,515.15,520.62,23628151,33.6
2020-09-04,511.35,527,468.19,504.9,36592071,30.75
2020-09-08,469.38,502,468.17,476.52,19893237,31.46
2020-09-09,496,512.37,489.27,508.6,18404957,28.81
2020-09-10,519.57,522.61,486.68,492.47,17467111,29.71
2020-09-11,499.42,506.1,475.83,486.58,15923172,26.87
2020-09-14,523.24,532.6,505.2457,514.89,30043624,25.85
2020-09-15,531.2,531.95,513.11,519.64,18188914,25.59
2020-09-16,518.29,523.71,500.55,500.58,13939985,26.04
2020-09-17,485.2894,503.59,481.39,498.54,19812794,26.46
2020-09-18,503.75,505.3,479.55,487.57,17461548,25.83
2020-09-21,477,500.9,476.18,500.69,18026061,27.78
2020-09-22,503,505.9199,486.222,505.51,16161302,26.86
2020-09-23,503.02,509.08,483.17,484.95,16175308,28.58
2020-09-24,482.89,502.78,480.56,493.92,18281008,28.51
2020-09-25,497.9,515.34,489.83,514.95,14700407,26.38
2020-09-28,521.61,522.07,510,521.4,14345228,26.19
2020-09-29,517.5,537.71,517.33,529.03,15575124,26.27
2020-09-30,526.3,544.9,526.01,541.22,17229603,26.37
2020-10-01,550.32,550.5095,538.4301,544.58,13125059,26.7
2020-10-02,529,540.78,522.04,522.49,13812397,27.63
2020-10-05,529.44,545.77,528.9106,545.7,11995457,27.96
2020-10-06,553.2,565.68,546.6,549.46,19610496,29.48
2020-10-07,559.99,564.77,554.54,558.56,10452129,28.06
2020-10-08,563,563.38,550.32,553.55,9472522,26.36
2020-10-09,550.68,552.97,546.43,550.51,8672273,25
2020-10-12,559.58,573.88,556.5,569.04,10868595,25.07
2020-10-13,571.86,573.9399,560.745,569.93,8615078,26.07
2020-10-14,571.62,573.71,558.4,563.81,6916178,26.4
2020-10-15,552.4272,560.23,550.71,558.8,6680628,26.97
2020-10-16,561.47,564.86,551.7,552.46,6065990,27.41
2020-10-19,556.115,559.3399,536.27,539.91,7451714,29.18
2020-10-20,543.34,551.99,540.2801,545.82,5730301,29.35
2020-10-21,545,551.66,539.1001,540.99,5489933,28.65
2020-10-22,540.9,544.47,529.27,534.44,7261986,28.11
2020-10-23,538,543.73,531.65,543.61,5837107,27.55
2020-10-26,537.08,547.7117,521.54,525.65,8422358,32.46
2020-10-27,532.24,537.68,527.66,535.87,6262992,33.35
2020-10-28,527.92,530.4,504.36,505.08,9412952,40.28
2020-10-29,513.54,527.71,510,520.96,8002046,37.59
2020-10-30,514,517.455,492,501.36,10434900,38.02
2020-11-02,506.31,513.4663,495.8,503.23,7491316,37.13
2020-11-03,508.34,524.2,504.11,520.78,6822527,35.55
2020-11-04,535.57,553.1,533.475,551.77,10255732,29.57
2020-11-05,566.5,573.56,559.64,566.4,7975708,27.58
2020-11-06,564.39,583.55,555.8,582.48,9583732,24.86
2020-11-09,582.1,587.66,544.43,545.23,14574447,25.75
2020-11-10,544.26,544.26,505.13,510.8,16101680,24.8
2020-11-11,522.15,537.395,517.93,536.72,10118586,23.45
2020-11-12,539.1569,550.64,532.64,538.27,9165875,25.35
2020-11-13,545.0911,546.7499,522.37,531.88,8669058,23.1
2020-11-16,526.9,545.98,526.2401,540.61,10344370,22.45
2020-11-17,542.1,543.85,532.1549,536.89,7800699,22.71
2020-11-18,538.61,544.23,527.4,537.15,12773133,23.84
2020-11-19,528.51,539.5,524,537.61,14148355,23.11
2020-11-20,538.16,539.7799,522.6,523.51,8527245,23.7
2020-11-23,526.8452,535.3,520.62,525.6,9033855,22.66
2020-11-24,525.7,526.48,515.4,518.31,8568883,21.64
2020-11-25,521.3,530.7756,520.8,529.39,6497910,21.25
2020-11-27,535,536.3,526.8218,530.45,4181880,20.84
2020-11-30,530.6,536.5,518.8941,536.06,7173800,20.57
2020-12-01,539.69,541.15,529.13,535.6,7412379,20.77
2020-12-02,534.02,546.9377,529.37,541.78,7084030,21.17
2020-12-03,543.5,546.4,533.16,535.84,4988016,21.28
2020-12-04,537.94,542.3999,535.5476,542.33,5056085,20.79
2020-12-07,544.05,549.25,540,544.27,5581081,21.3
2020-12-08,543.4,543.95,531.26,534,6798022,20.68
2020-12-09,532.02,536.56,514.7295,517.23,10032530,22.27
2020-12-10,514.76,522.7499,513.975,518.89,5194118,22.52
2020-12-11,518.69,520.8,512.92,520.53,5231641,23.31
2020-12-14,523.515,535.55,523.1,532.35,6753947,24.72
2020-12-15,537.59,538.56,527.47,534.42,4837148,22.89
2020-12-16,536.8999,537.49,528.5,529.7,5577867,22.5
2020-12-17,534.67,535.18,527.14,533.65,5784597,21.93
2020-12-18,535.16,536.2,522.82,530.88,8551616,21.57
2020-12-21,522.99,534.8,518.7,533.29,7558304,25.16
2020-12-22,532.77,533.4899,522.1552,531.13,4657872,24.23
2020-12-23,530.24,531,520.2,520.37,4478569,23.31
2020-12-24,521.49,525.3,517.55,519.75,2447088,21.53
2020-12-28,522.5,522.5,510.527,516,5286655,21.7
2020-12-29,517,522.9,513.69,517.73,4259304,23.08
2020-12-30,519.6124,528.55,515.87,525.83,5634929,22.77
2020-12-31,525.46,526.045,516.6,522.2,4810610,22.75
2021-01-04,524.17,546.0999,518.5,524.54,14016045,26.97
2021-01-05,523.99,537.74,523.48,536.19,8068998,25.34
2021-01-06,528.9,529.8,503.44,504.58,14510575,25.07
2021-01-07,518.7,535.11,515.4601,533.76,11537037,22.37
2021-01-08,534.5,536.8399,521.68,531.07,7313215,21.56
2021-01-11,536.75,558.44,534.5,544.86,12975720,24.08
2021-01-12,550.1,550.18,533.8,539.39,7178074,23.33
2021-01-13,539.5986,544.9999,535.4001,541.27,5250711,22.21
2021-01-14,543,543.99,527.22,528.01,7078007,23.25
2021-01-15,529.12,533.01,513.94,514.38,6944532,24.34
2021-01-19,520.65,523.7593,513.76,521.01,5654672,23.24
2021-01-20,524.47,537.22,522.27,534.63,6464272,21.58
2021-01-21,536.7442,559.9743,530.1201,554.7,8458490,21.32
2021-01-22,549.6035,553.6693,545.09,548.5,6170464,21.91
2021-01-25,551.27,553.14,529.4592,546.13,6277779,23.19
2021-01-26,543.2176,545.79,535.5,537.41,4099510,23.02
2021-01-27,529.2,529.31,511.75,516.71,9281821,37.21
2021-01-28,519.85,533.59,518.42,522.04,5707899,30.21
2021-01-29,523,533.39,516.4602,519.59,6788801,33.09
2021-02-01,522.1335,530.83,516.11,529.48,5430108,30.24
2021-02-02,535.95,542.88,531.4199,542.27,5451603,25.56
2021-02-03,545.44,557.27,540.66,541.22,6135232,22.91
2021-02-04,541.24,546.94,533.5145,546.57,5033462,21.77
2021-02-05,549,549.49,541.83,543.64,4228841,20.87
2021-02-08,549.0886,578.95,549.0886,577.55,10865571,21.24
2021-02-09,573.625,583.33,568.9,570.53,7128078,21.63
2021-02-10,578.53,596.2,573.655,590.57,12047762,21.99
2021-02-11,599.21,610.89,597,610.03,11270693,21.25
2021-02-12,602,611.6455,591,598.45,9368937,19.97
2021-02-16,602.57,614.9,598,613.21,8048988,21.46
2021-02-17,606.84,608.9407,591.2,596.24,6786368,21.5
2021-02-18,589.16,594.93,583,593.16,5852020,22.49
2021-02-19,600.98,607.0799,593.868,597.06,6793103,22.05
2021-02-22,590.99,605.33,573,574.23,8041814,23.45
2021-02-23,563.01,569.55,535.58,565.68,9794483,23.11
2021-02-24,564.91,580.27,550.24,579.96,11207977,21.34
2021-02-25,561.8167,574.99,528.65,532.3,20304906,28.89
2021-02-26,550.1,554.18,534.44,548.58,12468975,27.95
2021-03-01,555,557,542.1299,553.67,8829575,23.35
2021-03-02,556,556.82,535.84,536.25,6602853,24.1
2021-03-03,537.05,538.06,511.95,512.19,9439757,26.67
2021-03-04,512.03,519,483.35,494.81,14333629,28.57
2021-03-05,502,502,467.17,498.46,13570971,24.66
2021-03-08,498,498.85,462.66,463.73,13577792,25.47
2021-03-09,485.21,504.67,482.37,500.81,13045638,24.03
2021-03-10,513.62,519.2,498.3,498.73,9609414,22.56
2021-03-11,518,521.85,509.38,519.74,7497857,21.91
2021-03-12,505.93,515.55,503.6,514.24,6099099,20.69
2021-03-15,514.59,528.27,510.685,527.65,5563011,20.03
2021-03-16,534.26,540.5,524.67,531.65,6803240,19.79
2021-03-17,521.59,538.13,519.58,533.65,6096605,19.23
2021-03-18,525.46,527.36,508.6817,508.9,7354702,21.58
2021-03-19,510,516.86,504.5,513.83,7480174,20.95
2021-03-22,516.51,535.78,516.27,527.45,7445077,18.88
2021-03-23,530.17,533.78,520.85,522.83,5551152,20.3
2021-03-24,526.05,526.365,505.47,505.72,6145963,21.2
2021-03-25,499.98,508.59,490.88,501.41,7378614,19.81
2021-03-26,502.18,514.25,494.94,513.57,9099224,18.86
2021-03-29,512.81,522.5,508,517.93,6837997,20.74
2021-03-30,513.678,519.01,508.2,514.87,5005062,19.61
2021-03-31,520.62,538.82,519.3,533.93,7869438,19.4
2021-04-01,542.89,554.8,540.45,552.47,7706865,17.33
2021-04-05,554.7,560.5585,549.32,559.5,6391785,17.91
2021-04-06,559.9871,562.165,550.9449,554.46,4793649,18.12
2021-04-07,555.23,569.7399,548.46,565.74,6282109,17.16
2021-04-08,570.11,578.86,569.9577,572.68,6110373,16.95
2021-04-09,568.56,576.32,567,576,4879272,16.69
2021-04-12,571.59,614.1,565.57,608.36,21733050,16.91
2021-04-13,609.26,628,605.03,627.18,16905297,16.65
2021-04-14,625,628.8184,609.1,611.08,9637548,16.99
2021-04-15,626.5,648.566,625.26,645.49,14962017,16.57
2021-04-16,642.1235,646.63,634.61,636.5,8380189,16.25
2021-04-19,621.4616,632.3,609.3201,614.47,10110452,17.29
2021-04-20,612.93,619.88,598.52,606.85,8353326,18.68
2021-04-21,604.75,614.5,604.09,614.42,5419426,17.5
2021-04-22,615,617.5427,591.34,594.01,6944657,18.71
2021-04-23,597.3745,613.395,596.01,610.61,5694305,17.33
2021-04-26,607.4018,619.16,605,619.12,4944927,17.64
2021-04-27,623.14,626.82,614.18,615.27,4114325,17.56
2021-04-28,614.58,621.29,608.6207,611.07,5235405,17.28
2021-04-29,616,617.46,602.86,612.99,4329912,17.61
2021-04-30,606.98,614.5999,599.88,600.38,5047752,18.61
2021-05-03,605,609.87,591.5,593.47,5097796,18.31
2021-05-04,585.49,585.5,560.41010000000006,574.05,10133120,19.48
2021-05-05,588.36,592.54,575.5,578.34,7300576,19.15
2021-05-06,579.81,582.85,568.7236,580.92,4834523,18.39
2021-05-07,592.33,598.83,586.8683,592.49,5733183,16.69
2021-05-10,591.49,592.24,570,570.63,6722595,19.66
2021-05-11,553,574.19,550,572.25,7139634,21.84
2021-05-12,560.38,570.41,548.37,550.34,7585233,27.59
2021-05-13,561.35,563.23,538.36,546.61,7143187,23.13
2021-05-14,555.6,573.1242,549.94,569.72,6465375,18.81
2021-05-17,566.28,566.77,554.14,566.62,5424521,19.72
2021-05-18,570.68,576.17,560.16,560.63,4656356,21.34
2021-05-19,542.66,563.18,541.73,562.63,8599984,22.18
2021-05-20,572.1,587.3514,570.82,584.5,8039798,20.67
2021-05-21,606.55,608.88,594.7756,599.67,16824800,20.15
2021-05-24,608.5,629.8,607.04,624.48,13870405,18.4
2021-05-25,630.64,632.7399,619.3,625.91,10885172,18.84
2021-05-26,629.37,631.75,623.45,628,9260966,17.36
2021-05-27,627.99,630,618.4,619.52,14536880,16.74
2021-05-28,620.04,651.099,620.04,649.78,16113390,16.76
2021-06-01,650.8,655.525,636.13,650.58,11820075,17.9
2021-06-02,650.09,676.7547,649.42,671.13,14854189,17.48
2021-06-03,668.03,690.36,663.32,678.79,14500170,18.04
2021-06-04,684.5,706.44,683.82,703.13,15428007,16.42
2021-06-07,702.8456,712.5,687.71,704.76,14393873,16.42
2021-06-08,701.09,704.8635,690.04,698.28,8096169,17.07
2021-06-09,700.63,703,690.23,694.33,9541437,17.89
2021-06-10,694,699.68,687.0401,697,7194261,16.1
2021-06-11,699.18,717.569,697.75,713.01,10407691,15.65
2021-06-14,716.24,721.58,706.5101,720.75,8034357,16.39
2021-06-15,716.6,720.65,709.118,711.54,6075761,17.02
2021-06-16,711.63,718.1871,703.377,712.41,7594711,18.15
2021-06-17,710.9827,753.4,710.2501,746.29,20241372,17.75
2021-06-18,751.36,775,743.36,745.55,24221357,20.7
2021-06-21,737.41,741.46,712.906,737.09,16809554,17.89
2021-06-22,738.86,758.55,735.435,755.47,14503639,16.66
2021-06-23,760.31,766.11,756.31,762.29,8308926,16.32
2021-06-24,769.11,776.8,763.53,768.22,8023060,15.97
2021-06-25,771.22,773.82,755.775,761.24,6959148,15.62
2021-06-28,774.45,803.15,772.76,799.4,12385914,15.76
2021-06-29,795.3,803.95,786.275,801.07,9190846,16.02
2021-06-30,799.965,806.5,794.55,800.1,8164154,15.83
2021-07-01,805,818.24,800.76,808.48,12003374,15.48
2021-07-02,817.605,820.21,811.51,819.48,8584917,15.07
2021-07-06,829.5,833.68,814.01,827.94,11167687,16.44
2021-07-07,834.14,835,813.282,814.87,10460682,16.2
2021-07-08,794.26,805.32,788.03,796.11,12582492,19
2021-07-09,798.5,803.205,790.17,802.01,7415567,16.18
2021-07-12,809.6,821.31,807.51,820.5,8049619,16.17
2021-07-13,816.02,818.45,804.5601,810,7267658,17.12
2021-07-14,814.31,816.71,790.11,793.66,9502480,16.33
2021-07-15,792.47,793.88,754.3401,758.65,13764113,17.01
2021-07-16,761.22,766.2844,722.92,726.44,17205566,18.45
2021-07-19,716.61,761.68,714.62,751.19,18726469,22.5
2021-07-20,187.3,188.38,181.64,186.12,43366188,19.73
2021-07-21,188.82,195.27,187.42,194.1,37101736,17.91
2021-07-22,196.42,198.87,192.76,195.94,32382595,17.69
2021-07-23,196.5635,197,192.5,195.58,19567198,17.2
2021-07-26,193.11,194.42,189.14,192.94,20394316,17.58
2021-07-27,192.65,196.22,187.41,192.08,24886258,19.36
2021-07-28,193.192,196.46,189.95,195.03,20219115,18.31
2021-07-29,195.19,198.53,193.2803,196.62,18373399,17.7
2021-07-30,194.18,196.3,192.63,194.99,18349746,18.24
2021-08-02,197,199.61,193.61,197.5,21744397,19.46
2021-08-03,197.4,202.22,192.2,198.15,30181074,18.04
2021-08-04,199.9,203.18,198.28,202.74,23130940,17.97
2021-08-05,205,207.33,203.42,206.37,21143537,17.28
2021-08-06,205.24,205.7,202.1,203.66,17849661,16.15
2021-08-09,204.46,205.0799,201.43,202.95,14644310,16.72
2021-08-10,203.22,204.3,198.3454,199.36,17923778,16.79
2021-08-11,200.43,200.49,194.3,196.99,18592484,16.06
2021-08-12,198.7,200.2899,196.2,199.05,15186155,15.59
2021-08-13,199.05,202.1381,198.51,201.88,18059898,15.45
2021-08-16,201.35,202.87,194.53,199.5,21115280,16.12
2021-08-17,196.85,197.7,192.67,194.58,20458485,17.91
2021-08-18,195,196.3365,190,190.4,28591348,21.57
2021-08-19,194.94,204.95,187.62,197.98,76655477,21.67
2021-08-20,199.91,208.6506,199.33,208.16,67574131,18.56
2021-08-23,209.71,219.97,209.5,219.58,57580658,17.15
2021-08-24,217.53,219.59,215.35,217.93,29729892,17.22
2021-08-25,217.37,224.7,217.22,222.13,34770104,16.79
2021-08-26,222,223.4,217.9,220.68,23794042,18.84
2021-08-27,221.84,227.22,221.67,226.36,30472219,16.39
2021-08-30,228.2997,230.43,225.51,226.88,26257990,16.19
2021-08-31,226.95,226.95,221.2,223.85,25984968,16.48
2021-09-01,224.85,226.97,223.565,224.41,20176695,16.11
2021-09-02,225.18,225.9299,222.945,223.96,18810957,16.41
2021-09-03,223.25,229.86,222,228.43,28083198,16.41
2021-09-07,228.33,228.99,225.224,226.62,19810716,18.14
2021-09-08,225.13,226.1,219.77,223.39,25443421,17.96
2021-09-09,223.12,225.38,221.31,221.77,19685601,18.8
2021-09-10,223.4831,226.26,222.7,224.78,24837574,20.95
2021-09-13,226.84,229.64,218.58,221.52,29749990,19.37
2021-09-14,222.75,224.1,220.86,222.42,19975460,19.46
2021-09-15,223.09,223.6699,219.66,223.41,16653801,18.18
2021-09-16,221.8345,222.77,219.27,222.42,15603344,18.69
2021-09-17,223,223.21,218.3,219,29450284,20.81
2021-09-20,211.46,214.33,206.62,211.13,34944045,25.71
2021-09-21,214.165,214.25,209.5,212.46,20468810,24.36
2021-09-22,213.655,219.6,211.96,219.41,26872556,20.87
2021-09-23,221.4,225.345,218.9,224.82,24855491,18.63
2021-09-24,220.7,221.49,218.61,220.81,21765545,17.75
2021-09-27,217.1035,217.99,213.25,216.6,24521514,18.76
2021-09-28,212.135,214.19,206.51,206.99,34306895,23.25
2021-09-29,209.395,210.17,204.67,205.17,21839363,22.56
2021-09-30,207.684,210.66,206.88,207.16,22100912,23.14
2021-10-01,207.5,208.59,202.03,207.42,24097796,21.15
2021-10-04,205.04,205.4179,195.55,197.32,34563497,22.96
2021-10-05,199.5,206.48,198.54,204.51,27928165,21.3
2021-10-06,201.2,207.2,200.8,207,29720175,21
2021-10-07,210.92,213.22,209.72,210.75,25691893,19.54
2021-10-08,211.01,212.06,207.75,208.31,15125791,18.77
2021-10-11,205.75,210.63,205.11,206.95,16338754,20
2021-10-12,208.275,210.57,205.28,206.71,16213354,19.85
2021-10-13,209.18,209.9,207.13,209.39,18065188,18.64
2021-10-14,212.88,217.55,211.2201,217.46,24358881,16.86
2021-10-15,218.1,219.31,216.62,218.62,22699401,16.3
2021-10-18,217.49,222.91,216.44,222.22,18949356,16.31
2021-10-19,222.76,223.79,220.37,222.9,16147329,15.7
2021-10-20,223.045,224.33,219.82,221.03,14627594,15.49
2021-10-21,220.97,227.11,220.83,226.92,18759032,15.01
2021-10-22,228.23,231.3,225.61,227.26,24938379,15.43
2021-10-25,229.73,233.5499,227.7,231.66,23023483,15.24
2021-10-26,239.89,252.59,239.24,247.17,48589830,15.98
2021-10-27,244.74,250.9,242.8201,244.51,24598989,16.98
2021-10-28,248.78,249.5,245.23,249.41,23420431,16.53
2021-10-29,250.005,257.09,250,255.67,29250284,16.26
2021-11-01,256.49,258.94,252.27,258.27,26074158,16.41
2021-11-02,258.22,266.78,258,264.01,28744823,16.03
2021-11-03,266.7,267.84,262.35,265.98,23991033,15.1
2021-11-04,272.29,313.65,271.18,298.01,115363115,15.44
2021-11-05,301.87,314,294.1,297.52,85126015,16.48
2021-11-08,301.49,311,299.07,308.04,50310093,17.22
2021-11-09,322.82,323.1,299.64,306.57,64216853,17.78
2021-11-10,293.56,308.5,287.78,294.59,63620572,18.73
2021-11-11,304.68,305.9,297.7701,303.9,33217211,17.66
2021-11-12,300.1,306.8,296.3,303.9,41026129,16.29
2021-11-15,305.52,306.44,292.47,300.25,38490900,16.49
2021-11-16,297.59,303.9,297.0587,302.03,26448367,16.37
2021-11-17,304.18,305.09,288,292.61,42850799,17.11
2021-11-18,323.67,327.6,313.21,316.75,78171075,17.59
2021-11-19,322.43,330.88,319.05,329.85,53386665,17.91
2021-11-22,335.17,346.47,319,319.56,75433524,19.17
2021-11-23,315.35,323.6,308.8,317.46,53216270,19.38
2021-11-24,314.61,328.55,309.28,326.74,43516226,18.58
2021-11-26,326,327.1,313.5,315.03,28306886,28.62
2021-11-29,323.66,334.12,320.36,333.76,45496398,22.96
2021-11-30,331.69,333.53,318.6401,326.76,62206647,27.19
2021-12-01,332.1947,332.8934,313.8,314.35,48580204,31.12
2021-12-02,312.14,324.7799,310.25,321.26,47289033,27.95
2021-12-03,320,321.29,301.3,306.93,54432505,30.67
2021-12-06,298.8,302.41,280.38,300.37,65893845,27.18
2021-12-07,309.57,324.49,306.51,324.27,59305348,21.89
2021-12-08,319.99,322.9,314.2101,318.26,47555145,19.9
2021-12-09,317.34,322.05,304.28,304.9,48850716,21.58
2021-12-10,311.5,313.05,298.61,301.98,48882509,18.69
2021-12-13,302.49,302.94,281.16,281.61,59834366,20.31
2021-12-14,276.99,286.78,272.5,283.37,66703537,21.89
2021-12-15,284,305,278.38,304.59,69829688,19.29
2021-12-16,311.52,311.6,280.93,283.87,70736595,20.57
2021-12-17,279.85,289.22,277.6,278.01,71662239,21.57
2021-12-20,273.05,281.44,271.45,277.19,46184676,22.87
2021-12-21,283.74,291.2,274.01,290.75,52438494,21.01
2021-12-22,288.91,295.55,284.49,294,39518438,18.63
2021-12-23,297.55,300.59,294.3101,296.4,34302174,17.96
2021-12-27,296.6,310.865,296.4,309.45,40368587,17.68
2021-12-28,313.12,313.3,300.1181,303.22,42059121,17.54
2021-12-29,302.725,305.48,293.66,300.01,34313928,16.95
2021-12-30,298.27,304.57,295.4,295.86,30886422,17.33
2021-12-31,296.74,300.3,293.3057,294.11,26347792,17.22
2022-01-03,298.15,307.11,297.85,301.21,39240294,16.6
2022-01-04,302.77,304.68,283.49,292.9,52715440,16.91
2022-01-05,289.49,294.16,275.33,276.04,49806388,19.73
2022-01-06,276.4,284.3799,270.65,281.78,45418637,19.61
2022-01-07,281.41,284.22,270.57,272.47,40993851,18.76
2022-01-10,265.81,274.69,256.4384,274,59468095,19.4
2022-01-11,273.225,280.65,268.39,278.17,40276508,18.41
2022-01-12,280.665,285.95,276.08,279.99,38341348,17.62
2022-01-13,283.79,284.8,264.98,265.75,53886809,20.31
2022-01-14,263,271.969,262.1001,269.42,39583235,19.19
2022-01-18,262.6,266.38,257.7,259.03,42267538,22.79
2022-01-19,260.79,265.4317,250.52,250.67,48360408,23.85
2022-01-20,253.04,255.7904,240.78,241.5,43518073,25.59
2022-01-21,235.07,248.23,232.63,233.74,71895784,28.85
2022-01-24,223.3,233.8,208.88,233.72,91581063,29.9
2022-01-25,225.46,229.43,220,223.24,66461636,31.16
2022-01-26,232.4,240.57,223,227.72,75595873,31.96
2022-01-27,235.68,239.95,216.75,219.44,57335272,30.49
2022-01-28,220.1215,228.58,212.96,228.4,54377425,27.66
2022-01-31,231.82,245.09,230.52,244.86,56467968,24.83
2022-02-01,251.04,251.45,238.9001,246.38,51892517,21.96
2022-02-02,257.94,258.17,245.5301,252.42,54341941,22.09
2022-02-03,244.58,250.77,237.8,239.48,41017778,24.35
2022-02-04,239.72,246.35,236.32,243.19,35482850,23.22
2022-02-07,243.72,251.82,242.02,247.28,37686750,22.86
2022-02-08,243.59,252.3,239.8,251.08,41035864,21.44
2022-02-09,256.22,267.25,253.53,267.05,52428166,19.96
2022-02-10,259.95,269.2499,256,258.24,51319972,23.91
2022-02-11,259.16,261.52,237.73,239.49,60547198,27.36
2022-02-14,239.34,248.75,237.55,242.67,44042443,28.33
2022-02-15,249.49,265.45,247.84,264.95,70175280,25.7
2022-02-16,262.59,265.82,255.52,265.11,73267633,24.29
2022-02-17,256.3,257.85,241.65,245.07,81059508,28.11
2022-02-18,246.675,249.86,231,236.42,76125491,27.75
2022-02-22,230.35,240.6399,230,233.9,62919566,28.81
2022-02-23,238.02,241.5499,223.01,223.87,56651077,31.02
2022-02-24,210.15,238,208.9,237.48,73580063,30.32
2022-02-25,237.21,242.17,233.81,241.57,52886551,27.59
2022-02-28,239.92,246.65,237.0701,243.85,47731861,30.15
2022-03-01,242.91,243.77,231.32,234.77,41205598,33.32
2022-03-02,237.56,244.09,234.15,242.2,38964185,30.74
2022-03-03,242.615,243.2599,234.69,237.14,36509504,30.48
2022-03-04,233.84,236.8,224.82,229.36,43201070,31.98
2022-03-07,228.17,230.33,213.3,213.52,45082089,36.45
2022-03-08,213.09,223.7299,206.5,215.14,55746719,35.13
2022-03-09,223.87,232.2,222.47,230.14,49274195,32.45
2022-03-10,225.31,227.88,218.82,226.58,42806565,30.23
2022-03-11,230.22,231.45,220.46,221,36720857,30.75
2022-03-14,218.69,222.62,211.5901,213.3,38535424,31.77
2022-03-15,215.18,230.38,213.2201,229.73,49199569,29.83
2022-03-16,235,245.97,231.72,244.96,67142174,26.67
2022-03-17,241.2,248.42,239.06,247.66,47194119,25.67
2022-03-18,247.99,265.6899,246.24,264.53,72788748,23.87
2022-03-21,265.07,271.5199,259.67,267.34,58807971,23.53
2022-03-22,267.27,272.38,260.72,265.24,54265223,22.94
2022-03-23,261.26,266.115,255.7501,256.34,50211986,23.57
2022-03-24,261.66,283.1999,259.07,281.5,87737914,21.67
2022-03-25,278.86,283.58,272.71,276.92,57776944,20.81
2022-03-28,277.555,282.5,272.06,282.19,42549392,19.63
2022-03-29,286.945,289.46,279.8,286.56,48898440,18.9
2022-03-30,283.04,284.955,275.03,276.9,46348713,19.33
2022-03-31,277.82,282.48,272.7,272.86,52344022,20.56
2022-04-01,273.75,274.96,262.67,267.12,51723511,19.63
2022-04-04,267.28,275.58,266.13,273.6,39770782,18.57
2022-04-05,272.54,273.19,258.2,259.31,43093087,21.03
2022-04-06,249.34,253,240.03,244.07,70383256,22.1
2022-04-07,244.41,247.22,234.78,242.08,55799236,21.55
2022-04-08,239.17,239.23,230.6201,231.19,52478064,21.16
2022-04-11,222.14,223.1994,216.6,219.17,57520684,24.37
2022-04-12,225.37,227.25,212.8204,215.04,66225807,24.26
2022-04-13,217.28,225,214.55,222.03,51694344,21.82
2022-04-14,225.05,227.77,211.63,212.58,56909685,22.7
2022-04-18,212,220.88,210.79,217.83,52570061,22.17
2022-04-19,217.2,223.73,213.14,221.98,51278058,21.37
2022-04-20,225.171,226.7037,212,214.82,46697126,20.32
2022-04-21,217.0915,223.92,200,201.83,65620944,22.68
2022-04-22,203.03,204.86,195,195.15,62471343,28.21
2022-04-25,192.02,199.45,190.96,199.02,64156561,27.02
2022-04-26,197.18,197.88,186.7,187.88,64496017,33.52
2022-04-27,185.98,191.67,182.9,184.15,49946017,31.6
2022-04-28,189.67,200.37,184.8957,197.82,57032671,29.99
2022-04-29,194.02,201.2848,185.17,185.47,50043491,33.4
2022-05-02,185.405,195.74,183.91,195.33,57204868,32.34
2022-05-03,194,198.25,191.33,196.02,47575084,29.25
2022-05-04,199.23,204,187.51,203.34,64630503,25.42
2022-05-05,198.67,199.25,185,188.44,62633141,31.2
2022-05-06,187.36,195.12,179.9,186.75,63329672,30.19
2022-05-09,180.34,182.55,168.27,169.5,64445451,34.75
2022-05-10,176.89,181.98,170.25,175.95,76147429,32.99
2022-05-11,173.47,177.53,165.68,166.3,67016703,32.56
2022-05-12,162.191,167.88,155.67,161.75,70872837,31.77
2022-05-13,167.88,179.2843,165.925,177.06,67043651,28.87
2022-05-16,175.09,177.88,171.06,172.64,52144598,27.47
2022-05-17,180.74,183.71,176.34,181.77,58582971,26.1
2022-05-18,177.05,181.18,168.64,169.38,54516106,30.96
2022-05-19,169.37,176.87,167.3405,171.24,62130959,29.35
2022-05-20,173.32,174.1,157.55,166.94,73910526,29.43
2022-05-23,162.74,169.15,161.7901,168.98,63988869,28.48
2022-05-24,165.1,165.97,157.8,161.54,58855002,29.45
2022-05-25,160.2,171.1099,160,169.75,78113190,28.37
2022-05-26,160.36,180.92,160.22,178.51,99657452,27.5
2022-05-27,181.86,188.81,181,188.11,73837935,25.72
2022-05-31,189.8,192,183.5,186.72,66409951,26.19
2022-06-01,187.24,190.5318,181.22,183.2,54451390,25.69
2022-06-02,182.92,196.19,181.98,195.92,64865580,24.72
2022-06-03,190.815,193.323,185.2156,187.2,59877870,24.79
2022-06-06,191.39,193.37,185.642,187.86,42240615,25.07
2022-06-07,184.72,190,181.88,189.26,38891411,24.02
2022-06-08,187.99,191.8,185.35,186.48,36325246,23.96
2022-06-09,184.81,189.33,180.41,180.48,39557379,26.09
2022-06-10,176,176.97,168.69,169.74,46564966,27.75
2022-06-13,160,163.12,156.06,156.47,60415338,34.02
2022-06-14,157.31,160.66,154.12,158.36,46967952,32.69
2022-06-15,160.95,168.68,159.26,165.27,56393565,29.62
2022-06-16,158.6,159.4232,154.01,156.01,54574867,32.95
2022-06-17,156.48,159.95,153.28,158.8,63033397,31.13
2022-06-21,164.745,170.08,164.07,165.66,48308888,30.19
2022-06-22,162.26,166.62,161.8,163.6,43799744,28.95
2022-06-23,165.185,165.85,158.53,162.25,46367959,29.05
2022-06-24,165,171.4,163.1,171.26,47215283,27.23
2022-06-27,173.12,173.3,166.255,168.69,42796788,26.95
2022-06-28,169,172.0199,159.45,159.82,46185936,28.36
2022-06-29,158.14,158.2,151.7,155.42,48235228,28.16
2022-06-30,153.61,155.67,148.62,151.59,68607003,28.71
2022-07-01,148.99,150.6291,143.92,145.23,57761008,26.7
2022-07-05,141.75,149.71,140.55,149.64,65220761,27.54
2022-07-06,150.1,153.1899,147.89,151.3,52906586,26.73
2022-07-07,154.555,159.45,153.89,158.58,49290276,26.08
2022-07-08,154.3,160.3699,153.89,158.38,46797176,24.64
2022-07-11,155.26,155.2699,150.3801,151.52,43838873,26.17
2022-07-12,152.68,154.31,148.77,150.82,45848310,27.29
2022-07-13,145.9,153.75,144.65,151.64,52191834,26.82
2022-07-14,151.08,154.7299,147.28,153.72,45623484,26.4
2022-07-15,156.59,157.82,154.45,157.62,38593547,24.23
2022-07-18,163.02,168.97,160.02,161.01,67051745,25.3
2022-07-19,164.86,171.1,161.7201,169.92,70236608,24.5
2022-07-20,169.47,179.325,168.01,178.07,76053779,23.88
2022-07-21,178.85,181.44,175.4456,180.5,55704928,23.11
2022-07-22,178.93,179.67,171.365,173.19,53667088,23.03
2022-07-25,170.19,171.24,166.49,170.24,48074751,23.36
2022-07-26,168.89,169.19,164.78,165.33,39786491,24.69
2022-07-27,170.32,179.36,169.1301,177.9,56977623,23.24
2022-07-28,179.75,181.4,174.4,179.84,47464628,22.33
2022-07-29,178.13,182.44,176.92,181.63,43546042,21.33
2022-08-01,181.82,188.46,179.9,184.41,47646904,22.84
2022-08-02,181.22,189.3753,180.92,185.26,48952692,23.93
2022-08-03,181.84,189.68,181.37,188.93,41814557,21.95
2022-08-04,188.49,192.74,187.6,192.15,40965227,21.44
2022-08-05,188.1,192.2892,186.66,189.89,38606829,21.15
2022-08-08,175.02,182.39,172.42,177.93,98378318,21.29
2022-08-09,172.52,174.4719,167.24,170.86,66826265,21.77
2022-08-10,176.98,181.18,173.1701,180.97,59742246,19.74
2022-08-11,181.31,187.07,178.76,179.42,50932655,20.2
2022-08-12,181.6,187.18,179.53,187.09,47809415,19.53
2022-08-15,187.01,191.64,186.13,190.32,45766556,19.95
2022-08-16,189.195,191.42,185.01,188.79,45123964,19.69
2022-08-17,185.23,186.88,181.45,183.35,44679911,19.9
2022-08-18,183.01,188.6499,181.83,187.73,41544656,19.56
2022-08-19,184.06,185.2,177.7,178.49,44158833,20.6
2022-08-22,174.9,175.58,169.66,170.34,40959271,23.8
2022-08-23,169.885,174.65,169.7,171.81,36998577,24.11
2022-08-24,170.12,174.06,168.95,172.22,52266071,22.82
2022-08-25,168.44,179.47,168.33,179.13,77069133,21.78
2022-08-26,178.57,179.24,162.37,162.6,76912743,25.56
2022-08-29,160.2,163.38,157.67,158.01,49371295,26.21
2022-08-30,159.6,160.39,151.82,154.68,53018069,26.21
2022-08-31,153.84,155.4,149.5851,150.94,57370986,25.87
2022-09-01,142.09,143.8,132.7021,139.37,117886514,25.56
2022-09-02,141,141.71,135.91,136.47,74315746,25.47
2022-09-06,137.31,137.79,133.51,134.65,53326958,26.91
2022-09-07,135.63,138.38,133.46,137.14,51265746,24.64
2022-09-08,134.59,140.08,133.69,139.9,62487312,23.61
2022-09-09,141.57,144.74,141.26,143.87,48712842,22.79
2022-09-12,143.69,145.47,141.98,145.05,48415924,23.87
2022-09-13,138.02,139.22,130.99,131.31,71495563,27.27
2022-09-14,132.54,132.8999,129.13,131.28,58850654,26.16
2022-09-15,130.152,132.3299,127.9,129.29,52362516,26.27
2022-09-16,127.415,132.12,126.17,131.98,67075140,26.3
2022-09-19,130.12,134.63,130.1,133.82,56968528,25.76
2022-09-20,132.145,134.8276,130.57,131.76,52481775,27.16
2022-09-21,132.13,140.31,131.1,132.61,80767940,27.99
2022-09-22,130.7,131.4897,124.28,125.61,75671089,27.35
2022-09-23,124.2,126.11,122.57,125.16,66330931,29.92
2022-09-26,124.91,126.59,122.14,122.28,54734269,32.26
2022-09-27,125.07,127.36,122.58,124.13,55385406,32.6
2022-09-28,124.1,128.23,123.5386,127.36,54241388,30.18
2022-09-29,124.48,125,119.4601,122.2,53276312,31.84
2022-09-30,120.87,126.33,120.75,121.39,56563842,31.62
2022-10-03,123.47,126.78,121.05,125.12,54747847,30.1
2022-10-04,128.79,132.2,128.79,131.67,58418167,29.07
2022-10-05,129.107,133.21,126.21,132.09,50713073,28.55
2022-10-06,132.2,136.56,131.03,131.3,64415689,30.52
2022-10-07,125.05,126.7,120.22,120.76,67247816,31.36
2022-10-10,120.37,121.2432,114.0812,116.7,69869925,32.45
2022-10-11,115.61,118.46,112.83,115.86,66748163,33.63
2022-10-12,115.79,117.35,113.45,115,49259019,33.57
2022-10-13,109.71,120.7799,108.13,119.6,85010301,31.94
2022-10-14,120.57,121.11,112.04,112.27,71343199,32.02
2022-10-17,115.18,119.48,115.17,118.88,58077417,31.37
2022-10-18,123.44,124.92,116.18,119.67,65936206,30.5
2022-10-19,118.79,123.5,118.34,120.51,52313061,30.76
2022-10-20,121.13,127.69,121.05,121.94,65239761,29.98
2022-10-21,120.982,124.98,118.87,124.66,60949441,29.69
2022-10-24,125.08,127.1,120.64,125.99,51745740,29.85
2022-10-25,126.935,133,126.64,132.61,50548233,28.46
2022-10-26,128.69,133.88,127.08,128.96,53553329,27.28
2022-10-27,136.3,138.38,131.22,131.76,58311308,27.39
2022-10-28,131.04,138.5,130.61,138.34,52103993,25.75
2022-10-31,137.78,138.38,132.97,134.97,48634099,25.88
2022-11-01,138.11,139.25,135.19,135.43,43281690,25.81
2022-11-02,138.5,142.1,132.1124,132.19,67262784,25.86
2022-11-03,130.43,137.81,129.56,134.21,50006486,25.3
2022-11-04,139.86,142.29,136.97,141.56,61257591,24.55
2022-11-07,142.28,144.12,139.54,143.01,41006095,24.35
2022-11-08,148.01,148.9101,142.16,146.02,59529199,25.54
2022-11-09,141.615,142.11,137.5901,137.76,45441366,26.09
2022-11-10,148,157.73,145.47,157.5,70081925,23.53
2022-11-11,158.075,163.89,154.82,163.27,65548747,22.52
2022-11-14,162.18,165.4,159.22,162.95,52785245,23.73
2022-11-15,167.215,169.98,163.82,166.66,54587550,24.54
2022-11-16,161.615,163.62,158.73,159.1,64954684,24.11
2022-11-17,157.15,162.66,155.35,156.77,71089356,23.93
2022-11-18,159.66,160.02,151.2001,154.09,49207165,23.12
2022-11-21,151.47,154.77,150.8,153.17,40473931,22.36
2022-11-22,153.28,160.5757,151.216,160.38,47286607,21.29
2022-11-23,160.98,165.27,160.4801,165.19,42724093,20.35
2022-11-25,163.18,164.87,161.72,162.7,16793430,20.5
2022-11-28,160.26,163.57,157.25,158.27,30415201,22.21
2022-11-29,158.27,159.32,155.2,156.39,29838449,21.89
2022-11-30,156.97,169.3,155.97,169.23,56529822,20.58
2022-12-01,169.99,172.65,166.35,171.35,47097657,19.84
2022-12-02,166.59,169.3257,164.45,168.76,37138858,19.06
2022-12-05,166.79,169.95,164.7201,166.1,35225517,20.75
2022-12-06,165.3,165.73,158.19,159.87,35269427,22.17
2022-12-07,157.72,161.86,156.67,161.2,37238758,22.68
2022-12-08,162.73,171.79,159.59,171.69,51545554,22.29
2022-12-09,171.6,175.83,169.75,170.01,46533819,22.83
2022-12-12,170.37,175.38,167.97,175.35,45732780,25
2022-12-13,185.31,187.9,177.11,180.72,65658876,22.55
2022-12-14,179.87,182.52,174.2,176.74,49688810,21.14
2022-12-15,171.46,173.2,167,169.52,47854210,22.83
2022-12-16,168.642,170.41,164.1,165.71,47823193,22.62
2022-12-19,165.72,166.09,161.45,162.54,35403877,22.42
2022-12-20,160.64,163.1,158.52,160.85,40325979,21.48
2022-12-21,161.14,166.27,161.02,165.01,32502538,20.07
2022-12-22,160.935,161.38,148.82,153.39,56504527,21.97
2022-12-23,151.96,153.39,148.83,152.06,34932563,20.87
2022-12-27,150.74,151,140.56,141.21,46490226,21.65
2022-12-28,139.27,142.62,138.84,140.36,35106645,22.14
2022-12-29,144.02,146.83,142.27,146.03,35492324,21.44
2022-12-30,143.34,146.2899,142.33,146.14,31048983,21.67
2023-01-03,148.51,149.96,140.96,143.15,40127658,22.9
2023-01-04,145.67,148.53,142.41,147.49,43132360,22.01
2023-01-05,144.91,145.64,141.4795,142.65,38916811,22.46
2023-01-06,144.74,150.1,140.34,148.59,40504362,21.13
2023-01-09,152.84,160.56,151.41,156.28,50423056,21.97
2023-01-10,155.07,159.6199,154.72,159.09,38410126,20.58
2023-01-11,158.3951,160.28,155.63,160.01,35328493,21.09
2023-01-12,161,166.37,154.92,165.11,55140906,18.83
2023-01-13,162.78,169.22,161.65,168.99,44728706,18.35
2023-01-17,168.99,177.28,168.99,177.02,51110216,19.36
2023-01-18,176.67,178.73,172.82,173.77,43962355,20.34
2023-01-19,170.36,171.97,167.31,167.65,45293160,20.52
2023-01-20,170.11,178.56,168.25,178.39,56496712,19.85
2023-01-23,180.64,192.45,178.175,191.93,65516259,19.81
2023-01-24,188.27,194.95,188.2,192.65,49620410,19.2
2023-01-25,189.125,193.7,185.8,193.23,44953711,19.08
2023-01-26,197.01,201.66,192.78,198.02,48953542,18.73
2023-01-27,194.62,206.28,194.05,203.65,54214198,18.51
2023-01-30,199.5,201.4,191.5,191.62,48861115,19.94
2023-01-31,191.695,196.87,189.5,195.37,49801658,19.4
2023-02-01,196.91,211.92,196.11,209.43,66047704,17.87
2023-02-02,210,219.49,207,217.09,56427580,18.73
2023-02-03,210,217.4499,207.89,211,42936595,18.33
2023-02-06,208.06,215.7,207.86,210.89,45219709,19.43
2023-02-07,213.82,222.59,211.5,221.73,66414961,18.66
2023-02-08,223.87,228.78,220.0801,222.05,55965122,19.63
2023-02-09,226.06,230.2,221.2,223.37,52387578,20.71
2023-02-10,216.9,220.7764,208.11,212.65,55073675,20.53
2023-02-13,215.38,220.48,209.62,217.88,47491862,20.34
2023-02-14,215.78,230.488,213.66,229.71,67547350,18.91
2023-02-15,225.49,228.55,221.06,227.64,42118826,18.23
2023-02-16,221.33,225.5,219.268,220.02,41202628,20.17
2023-02-17,216.31,217.4,209.75,213.88,46588764,20.02
2023-02-21,210,214.938,206.18,206.55,41001455,22.87
2023-02-22,207.07,211.04,204.21,207.54,51318432,22.29
2023-02-23,234.4,238.88,230.25,236.64,111799541,21.14
2023-02-24,232.25,234.74,229.47,232.86,58971591,21.67
2023-02-27,236.7,238.7994,234.54,235.01,45299367,20.95
2023-02-28,233.72,238.25,232.06,232.16,45596280,20.7
2023-03-01,231.92,232.5557,225.08,226.98,46002562,20.58
2023-03-02,224.88,233.804,224.32,233.14,39007465,19.59
2023-03-03,233.2,239,231.3,238.9,41239330,18.49
2023-03-06,238.91,242.48,234.87,235.54,43742923,18.61
2023-03-07,236,241.25,232.41,232.88,51515388,19.59
2023-03-08,234.87,242,234.235,241.81,51357339,19.11
2023-03-09,241.75,244.54,233.8284,234.36,50125699,22.61
2023-03-10,234.09,236.27,227.26,229.65,47486565,24.8
2023-03-13,227.52,232.98,222.97,229.66,42189032,26.52
2023-03-14,234.96,242.19,234.6,240.63,47491013,23.73
2023-03-15,237.61,242.86,233.6,242.28,52448574,26.14
2023-03-16,240.27,255.88,238.94,255.41,58494626,22.99
2023-03-17,259.82,263.99,256.68,257.25,84854656,25.51
2023-03-20,256.15,260.24,251.2983,259,43274719,24.15
2023-03-21,261.8,263.92,253.81,261.99,54740776,21.38
2023-03-22,264.25,275.89,262.37,264.68,79729511,22.26
2023-03-23,271.155,274.99,266.9,271.91,56488876,22.61
2023-03-24,270.31,271.67,263.55,267.79,45541407,21.74
2023-03-27,268.37,270,263.65,265.31,36102574,20.6
2023-03-28,264.47,265.13,258.5,264.1,35610378,19.97
2023-03-29,268.25,270.78,265.97,269.84,39369387,19.12
2023-03-30,272.29,274.99,271.02,273.83,36451574,19.02
2023-03-31,271.4,278.3431,271.05,277.77,43393277,18.7
2023-04-03,275.09,280,273.36,279.65,39871560,18.55
2023-04-04,279.66,280,273.07,274.53,36859153,19
2023-04-05,268.29,269.98,263.95,268.81,51501474,19.08
2023-04-06,265.84,270.8,264.27,270.37,39765434,18.4
2023-04-10,268.23,276.2099,266.69,275.79,39527855,18.97
2023-04-11,277.235,277.9,271.26,271.69,31437817,19.1
2023-04-12,273.7,274.6799,264.475,264.95,44625895,19.09
2023-04-13,267.34,268.869,263.29,264.63,35361528,17.8
2023-04-14,265.04,268.83,262.2,267.58,39566013,17.07
2023-04-17,265.655,270.06,264.3318,270.02,31348982,16.95
2023-04-18,275.335,281.1,273.57,276.67,60481154,16.83
2023-04-19,273.61,280,272.32,279.31,35866041,16.46
2023-04-20,276.71,280.3,270,271.04,42771326,17.17
2023-04-21,269.52,271.83,267.22,271.19,34510277,16.77
2023-04-24,270.13,273.6599,266.7101,270.42,33928186,16.89
2023-04-25,270.78,272.47,262.25,262.41,37852716,18.76
2023-04-26,270.02,273.3,267.051,269.56,40449391,18.84
2023-04-27,273.63,274.95,266.2501,272.26,37716119,17.03
2023-04-28,272.25,277.58,270.7148,277.49,29221614,15.78
2023-05-01,278.4,290.5844,277.8,289.1,57032853,16.08
2023-05-02,286.8,288.3599,280.83,282.1,40272957,17.78
2023-05-03,278.4,283.67,274.72,278.02,38338740,18.34
2023-05-04,276.51,278.59,272.4,275.62,32185041,20.09
2023-05-05,278.255,287.55,277.31,286.8,36149408,17.19
2023-05-08,285.22,292.2,283.5,291.51,34497890,16.98
2023-05-09,288.99,289.73,284.5,285.71,31486946,17.71
2023-05-10,290.05,291.13,284.6128,288.85,36934998,16.94
2023-05-11,288.96,289.5,282.46,285.78,32214903,16.93
2023-05-12,285.29,287.8,280.46,283.4,27422225,17.03
2023-05-15,285.085,289.69,281.52,289.53,29392587,17.12
2023-05-16,288.41,298.7,288.32,292.13,44940494,17.99
2023-05-17,295.84,301.99,294.3001,301.78,43253541,16.87
2023-05-18,304.1,318.28,303.2,316.78,74872501,16.05
2023-05-19,315.36,315.8,309.16,312.64,47390765,16.81
2023-05-22,309.01,315.2,306.8,311.76,37199967,17.21
2023-05-23,310,312.88,306.31,306.88,35625326,18.53
2023-05-24,302.1,306.07,298.06,305.38,72141851,20.03
2023-05-25,385.23,394.8,366.35,379.8,154391067,19.14
2023-05-26,378.9,391.7,375.5,389.46,71439676,17.95
2023-05-30,405.95,419.38,399.49,401.11,92340110,17.46
2023-05-31,394.88,402.95,378.22,378.34,99882681,17.94
2023-06-01,384.89,400.5,383.4,397.7,63587295,15.65
2023-06-02,400.97,405,390.5801,393.27,48273121,14.6
2023-06-05,389.09,395.6503,387.07,391.71,39609381,14.73
2023-06-06,388.3,391.6,381.48,386.54,38872914,13.96
2023-06-07,389.15,394.99,373.56,374.75,51199789,13.94
2023-06-08,377.24,388.64,375.05,385.1,41777240,13.65
2023-06-09,390.37,397.11,385.67,387.7,42771747,13.83
2023-06-12,392,395.2999,386.18,394.82,38967335,15.01
2023-06-13,401.86,411.01,397.4,410.22,61320816,14.61
2023-06-14,408.24,430,405.52,429.97,74046502,13.88
2023-06-15,426.02,432.89,421.47,426.53,56862204,14.5
2023-06-16,434.5,437.21,426.605,426.92,65570941,13.54
2023-06-20,429.98,439.9,426.74,438.08,45115311,13.88
2023-06-21,435.01,436.15,420.8,430.45,55160291,13.2
2023-06-22,422.53,434.255,422.34,430.25,41773743,12.91
2023-06-23,424.64,428.09,420.15,422.09,35813984,13.44
2023-06-26,424.61,427.64,401,406.32,59432192,14.25
2023-06-27,407.99,419.4,404.48,418.76,46217470,13.74
2023-06-28,406.6,418.45,405.18,411.17,58263927,13.43
2023-06-29,415.58,416,406,408.22,38051430,13.54
2023-06-30,416.8,425.5,415.01,423.02,50114775,13.59
2023-07-03,425.17,428.98,422.02,424.13,19820919,13.57
2023-07-05,421.35,431.77,420.85,423.17,32361756,14.18
2023-07-06,418.44,421.79,413.46,421.03,30413879,15.44
2023-07-07,423.22,432.14,421.8,425.03,35588147,14.83
2023-07-10,426.57,428.11,416.49,421.8,35390811,15.07
2023-07-11,424.81,427.58,420.67,424.05,29824406,14.84
2023-07-12,430.33,439.35,427.7728,439.02,48127702,13.54
2023-07-13,445.18,461.55,444.92,459.77,47820369,13.61
2023-07-14,465.8281,480.88,450.6,454.69,77207533,13.34
2023-07-17,462.89,464.96,452.6241,464.61,51048822,13.48
2023-07-18,467.01,478.9599,457.34,474.94,57019042,13.3
2023-07-19,474.64,478.18,467.42,470.77,42750179,13.76
2023-07-20,465.07,470.87,450.62,455.2,53786451,13.99
2023-07-21,457.88,458.66,441,443.09,96376863,13.6
2023-07-24,447.31,451.09,440.4,446.12,38309974,13.91
2023-07-25,449.41,461.825,449.23,456.79,34808091,13.86
2023-07-26,460.21,460.53,446.3,454.52,36423726,13.19
2023-07-27,465.19,473.95,457.5,459,45597552,14.41
2023-07-28,466.68,470.27,463.81,467.5,33119424,13.33
2023-07-31,467.54,471.3,465.0601,467.29,25105528,13.63
2023-08-01,464.595,469,460.27,465.07,23927597,13.93
2023-08-02,458.31,458.4,433.87,442.69,53014157,16.09
2023-08-03,438,451.18,438,445.15,32507660,15.92
2023-08-04,449.85,456.42,443.93,446.8,36266618,17.1
2023-08-07,451.11,455.4,445.6345,454.165,32215354,15.77
2023-08-08,448.53,452.42,440.5601,446.64,35384343,15.99
2023-08-09,442.74,443.12,421.34,425.54,58644907,15.96
2023-08-10,421.6,435.74,418.35,423.88,49270530,15.85
2023-08-11,417.51,420.18,406.39,408.55,53308526,14.84
2023-08-14,404.86,438,403.11,437.53,69028583,14.82
2023-08-15,445.6,452.68,437.1,439.4,67651151,16.46
2023-08-16,445.2,446.75,434.06,434.86,52745068,16.78
2023-08-17,439.7,440.62,430.01,433.435,45239482,17.89
2023-08-18,426.35,435.7799,416.6,432.99,58376787,17.3
2023-08-21,444.94,470.65,442.22,469.67,69257337,17.13
2023-08-22,481.35,481.87,453.331,456.68,75720691,16.97
2023-08-23,458.66,472,452.08,471.16,77904608,15.98
2023-08-24,502.16,502.66,471.59,471.63,115604409,17.2
2023-08-25,470.12,478.05,450.24,460.18,92534052,15.68
2023-08-28,464.82,469.8,448.88,468.35,68519223,15.08
2023-08-29,466.66,490.81,463.9101,487.84,70139699,14.45
2023-08-30,490.44,499.27,484.25,492.64,73520598,13.88
2023-08-31,493.8,497.44,489.58,493.55,52856977,13.57
2023-09-01,497.62,498,481.416,485.09,46383030,13.09
2023-09-05,482.23,488.5081,478.6,485.48,38265258,14.01
2023-09-06,484.41,485.49,465.8,470.61,46866957,14.45
2023-09-07,455.25,463.44,451.52,462.41,43332989,14.4
2023-09-08,459.42,466.06,452.71,455.72,47389994,13.84
2023-09-11,461.48,461.63,443.12,451.78,47396555,13.8
2023-09-12,447.38,456.73,445.31,448.7,34925634,14.23
2023-09-13,446,459.3,445.03,454.85,39835535,13.48
2023-09-14,459.5,459.8699,451.31,455.81,37009720,12.82
2023-09-15,453.41,455.99,438.08,439,50683051,13.79
2023-09-18,427.48,442.42,420,439.66,50027079,14
2023-09-19,438.33,439.66,430.02,435.2,37306424,14.11
2023-09-20,436,439.03,422.23,422.39,36710769,15.14
2023-09-21,415.83,421,409.8,410.17,45073596,17.54
2023-09-22,415.72,421.15,412.31,416.1,47923631,17.2
2023-09-25,415.91,425.36,411.77,422.22,41909096,16.9
2023-09-26,420.01,428.2,416.55,419.11,40228209,18.94
2023-09-27,423.3,428.72,416.2901,424.68,44493520,18.22
2023-09-28,424.6,434.4631,421.15,430.89,42466279,17.34
2023-09-29,438.27,441.44,433.0694,434.99,39782993,17.52
2023-10-02,440.3,451.75,438.61,447.82,43329821,17.61
2023-10-03,448.08,451.3,432.46,435.17,47084954,19.78
2023-10-04,437.42,441.43,432.9201,440.41,36182086,18.58
2023-10-05,440.5,449,438.88,446.88,39348309,18.49
2023-10-06,441.93,457.89,440.26,457.62,43443602,17.45
2023-10-09,448.42,456.05,443.68,452.73,40967472,17.7
2023-10-10,453.1,462.59,450.88,457.98,36858208,17.03
2023-10-11,461.96,468.59,460.5,468.06,37813689,16.09
2023-10-12,467.77,476.09,463.3,469.45,48132500,16.69
2023-10-13,469.6,471.16,452.8,454.61,47542599,19.32
2023-10-16,450.63,462.25,449.12,460.95,37509924,17.21
2023-10-17,440,447.54,424.8,439.38,81233267,17.88
2023-10-18,425.91,432.19,418.25,421.96,62729434,19.22
2023-10-19,428.11,432.97,418.82,421.01,50123308,21.4
2023-10-20,418.9,424.7,410.78,413.87,47726605,21.71
2023-10-23,412.29,432.4799,409.45,429.75,47853049,20.37
2023-10-24,430.77,436.97,426.91,436.63,40146337,18.97
2023-10-25,433.98,436.5,415.55,417.79,39837922,20.19
2023-10-26,418.53,422.5555,398.8019,403.26,54100132,20.68
2023-10-27,411.3,412.06,400.15,405,41678441,21.27
2023-10-30,410.87,417.66,404.81,411.61,38802814,19.75
2023-10-31,404.5,408.79,392.3001,407.8,51796870,18.14
2023-11-01,408.84,423.81,408.69,423.25,43759290,16.87
2023-11-02,433.28,438.84,428.94,435.06,40917187,15.66
2023-11-03,440.2,453.0899,437.23,450.05,42460959,14.91
2023-11-06,452.845,459.35,448.99,457.51,40073335,14.89
2023-11-07,457.19,462.18,451.575,459.55,34316547,14.81
2023-11-08,461,468.67,459.68,465.74,34671894,14.45
2023-11-09,474.67,482.3,467.5,469.5,54049597,15.29
2023-11-10,475,484.72,472.8301,483.35,42244156,14.17
2023-11-13,483.2,491.16,480.9901,486.2,38413570,14.76
2023-11-14,496.8,498.34,490.4001,496.56,41695387,14.16
2023-11-15,499.35,499.6,482,488.88,47549735,14.18
2023-11-16,486.79,495.2469,483.3,494.8,33975624,14.32
2023-11-17,495.24,497.17,490.07,492.98,32589691,13.8
2023-11-20,493.12,505.48,491.8101,504.09,41614260,13.41
2023-11-21,501.26,505.17,492.22,499.44,56574687,13.35
2023-11-22,498.52,503.3494,476.9,487.16,90064233,12.85
2023-11-24,484.7001,489.21,477.45,477.76,29464464,12.46
2023-11-27,478,485.3,476.52,482.42,39566190,12.69
2023-11-28,482.36,483.229,474.73,478.21,40149085,12.69
2023-11-29,483.79,487.62,478.6,481.4,38200465,12.98
2023-11-30,480.24,481.1,464.22,467.7,52624663,12.92
2023-12-01,465.25,472,461.87,467.65,36931701,12.63
2023-12-04,460.77,460.77,450.1,455.1,43754344,13.08
2023-12-05,454.66,466,452.71,465.66,37171762,12.85
2023-12-06,472.145,473.87,454.12,455.03,36778599,12.97
2023-12-07,457,466.29,456.04,465.96,35082255,13.06
2023-12-08,465.95,477.4085,465.5,475.06,35922370,12.35
2023-12-11,474.91,475.31,458.3,466.27,50972809,12.63
2023-12-12,460.46,476.66,460.46,476.57,37238686,12.07
2023-12-13,476.29,485.94,476.08,480.88,44779186,12.19
2023-12-14,483.9,486.7,474.22,483.5,39123174,12.48
2023-12-15,481.94,494.04,481.2,488.9,47994758,12.28
2023-12-18,494,504.3299,491.5,500.77,41258717,12.56
2023-12-19,494.24,497,488.95,496.04,46313248,12.53
2023-12-20,496.55,499.99,480.98,481.11,39789439,13.67
2023-12-21,488.11,490.95,484.19,489.9,30042535,13.65
2023-12-22,491.95,493.83,484.67,488.3,25250676,13.03
2023-12-26,489.68,496,489.6,492.79,24419952,12.99
2023-12-27,495.11,496.8,490.85,494.17,23215431,12.43
2023-12-28,496.43,498.8399,494.12,495.22,24658748,12.47
2023-12-29,498.13,499.97,487.51,495.22,38929330,12.45
2024-01-02,492.44,492.95,475.95,481.68,41125422,13.2
2024-01-03,474.85,481.841,473.2,475.69,32089617,14.04
2024-01-04,477.67,485,475.08,479.98,30653489,14.13
2024-01-05,484.62,495.47,483.0601,490.97,41080455,13.35
2024-01-08,495.12,522.75,494.79,522.53,64250990,13.08
2024-01-09,524.01,543.25,516.9,531.4,77310006,12.76
2024-01-10,536.16,546,534.89,543.5,53379576,12.69
2024-01-11,549.99,553.46,535.6,548.22,59675877,12.44
2024-01-12,546.2,549.7,543.3008,547.1,35299360,12.7
2024-01-16,550.18,568.3499,549,563.82,44957973,13.84
2024-01-17,563.47,564.7068,547.4,560.53,47439444,14.79
2024-01-18,572.6,576,561.07,571.07,49165036,14.13
2024-01-19,579.89,595,572.25,594.91,54350148,13.3
2024-01-22,600.49,603.31,590.7,596.54,45295463,13.19
2024-01-23,595.7,599.1,585.85,598.73,29465445,12.55
2024-01-24,603.04,628.49,599.38,613.62,55706870,13.14
2024-01-25,623.5,627.19,608.5,616.17,48277684,13.45
2024-01-26,609.6,617.83,605.73,610.31,39030859,13.26
2024-01-29,612.32,624.89,609.07,624.65,34873298,13.6
2024-01-30,629,634.93,622.6,627.74,41073530,13.31
2024-01-31,614.4,622.6902,607,615.27,45379487,14.35
2024-02-01,621,631.91,616.5,630.27,36914579,13.88
2024-02-02,639.74,666,636.9,661.6,47657765,13.85
2024-02-05,682.25,694.97,672.05,693.32,68007801,13.67
2024-02-06,696.3,697.5399,663,682.23,68311136,13.06
2024-02-07,683.19,702.2,676,700.99,49557455,12.83
2024-02-08,700.74,707.94,694.55,696.41,41442211,12.79
2024-02-09,705.33,721.85,702.12,721.33,43663689,12.93
2024-02-12,726,746.11,712.5,722.48,61371018,13.93
2024-02-13,704,734.5,696.2,721.28,60258015,15.85
2024-02-14,732.02,742.36,719.38,739,50491742,14.38
2024-02-15,738.69,739.75,724,726.58,42012181,14.01
2024-02-16,741,744.02,725.01,726.13,49532662,14.24
2024-02-20,719.47,719.56,677.34,694.52,70483310,15.42
2024-02-21,680.06,688.88,662.48,674.72,69029813,15.34
2024-02-22,750.25,785.75,742.2,785.38,86509974,14.54
2024-02-23,807.9,823.94,775.7,788.17,82938837,13.75
2024-02-26,797,806.4599,785.05,790.92,50397273,13.74
2024-02-27,793.81,794.8,771.62,787.01,39170524,13.43
2024-02-28,776.2,789.33,771.25,776.63,39311040,13.84
2024-02-29,790.94,799.9,783.5,791.12,50728898,13.4
2024-03-01,800,823,794.3503,822.79,47913510,13.11
2024-03-04,841.3,876.95,837.19,852.37,61561645,13.49
2024-03-05,852.7,860.97,834.1701,859.64,52063930,14.46
2024-03-06,880.22,897.24,870.3001,887,58252030,14.5
2024-03-07,901.58,927.67,896.0201,926.69,60811916,14.44
2024-03-08,951.379,974,865.06,875.28,114226906,14.74
2024-03-11,864.29,887.97,841.66,857.74,66611510,15.22
2024-03-12,880.49,919.6,861.501,919.13,65437480,13.84
2024-03-13,910.55,915.04,884.35,908.88,62726626,13.75
2024-03-14,895.77,906.46,866,879.44,59711081,14.4
2024-03-15,869.3,895.46,862.57,878.365,64208616,14.41
2024-03-18,903.88,924.05,870.85,884.55,66897593,14.33
2024-03-19,867,905.44,850.1,893.98,67217127,13.82
2024-03-20,897.97,904.1,882.23,903.72,47906279,13.04
2024-03-21,923,926.48,904.05,914.35,48037231,12.92
2024-03-22,911.41,947.7799,908.3401,942.89,58671936,13.06
2024-03-25,939.41,967.6599,935.1,950.02,55213608,13.19
2024-03-26,958.51,963.75,925.02,925.61,51364758,13.24
2024-03-27,931.12,932.4,891.23,902.5,58606723,12.78
2024-03-28,900,913,891.93,903.56,43521227,13.01
2024-04-01,902.99,922.25,892.04,903.63,44811733,13.65
2024-04-02,884.48,900.94,876.2,894.52,43137935,14.61
2024-04-03,884.84,903.74,884,889.64,36759126,14.33
2024-04-04,904.06,906.3399,858.8,859.05,42886990,16.35
2024-04-05,868.66,884.81,859.26,880.08,39772878,16.03
2024-04-08,887,888.3,867.32,871.33,27907532,15.19
2024-04-09,874.42,876.35,830.22,853.54,49977974,14.98
2024-04-10,839.26,874,837.09,870.39,43192853,15.8
2024-04-11,874.2,907.3899,869.26,906.16,43163727,14.91
2024-04-12,896.99,901.7499,875.3,881.86,42680479,17.31
2024-04-15,890.98,906.13,859.2901,860.01,44307695,19.23
2024-04-16,864.325,881.18,860.639,874.15,37045302,18.4
2024-04-17,883.4,887.75,839.5,840.35,49539951,18.21
2024-04-18,849.7,861.8999,824.02,846.71,44726034,18
2024-04-19,831.5,843.24,756.06,762,87519800,18.71
2024-04-22,781.04,800.73,764,795.18,59634051,16.94
2024-04-23,807.69,827.69,802.64,824.23,43855937,15.69
2024-04-24,839.5,840.82,791.83,796.77,51220753,15.97
2024-04-25,788.6801,833.2299,782.23,826.32,42464073,15.37
2024-04-26,838.18,883.3093,833.87,877.35,55101078,15.03
2024-04-29,875.95,879.92,852.66,877.57,38897076,14.67
2024-04-30,872.4,888.19,863,864.02,36370870,15.65
2024-05-01,850.77,860,812.5456,830.41,55986317,15.39
2024-05-02,844.49,862.37,832,858.17,37789754,14.68
2024-05-03,877.89,892.81,870.4,887.89,39834072,13.49
2024-05-06,893.9,922.2,890.55,921.4,37620255,13.49
2024-05-07,910.98,917.8099,890.11,905.54,43734161,13.23
2024-05-08,894.825,911.94,894.2,904.12,32572102,13
2024-05-09,905.29,910.72,882.31,887.47,37801268,12.69
2024-05-10,903.045,914.01,892.27,898.78,33532541,12.55
2024-05-13,904.78,909.98,885.29,903.99,28968017,13.6
2024-05-14,895.99,916.51,889.34,913.56,29650708,13.42
2024-05-15,924.72,948.62,915.99,946.3,41773545,12.45
2024-05-16,949.1,958.1899,941.03,943.59,32395182,12.42
2024-05-17,943.69,947.4,918.06,924.79,35969103,11.99
2024-05-20,937.5,952,934.4,947.8,31876446,12.15
2024-05-21,935.99,954,931.8,953.86,32894646,11.86
2024-05-22,954.59,960.2,932.49,949.5,54864799,12.29
2024-05-23,1020.28,1063.2,1015.2,1037.99,83506528,12.77
2024-05-24,1044.49,1064.75,1030,1064.69,42949367,11.93
2024-05-28,1102.44,1149.39,1098.83,1139.01,65272789,12.92
2024-05-29,1130.5,1154.92,1109.01,1148.25,55744193,14.28
2024-05-30,1146.5,1158.1915,1096.63,1105,48735033,14.47
2024-05-31,1125.2,1127.17,1069.4,1096.33,61326250,12.92
2024-06-03,1136.21,1150,1120.03,1150,43839176,13.11
2024-06-04,1157.16,1166,1140.45,1164.37,40332401,13.16
2024-06-05,1183.71,1224.495,1174.68,1224.4,52840178,12.63
2024-06-06,1240.48,1255.87,1183.2,1209.98,66469619,12.58
2024-06-07,1197.7,1216.9171,1180.22,1208.88,41238580,12.22
2024-06-10,120.37,123.1,117.01,121.79,308134791,12.74
2024-06-11,121.77,122.87,118.74,120.91,222551158,12.85
2024-06-12,123.06,126.88,122.57,125.2,299595001,12.04
2024-06-13,129.39,129.8,127.16,129.61,260704537,11.94
2024-06-14,129.96,132.84,128.32,131.88,309320376,12.66
2024-06-17,132.99,133.73,129.58,130.98,288504444,12.75
2024-06-18,131.14,136.33,130.69,135.58,294335054,12.3
2024-06-20,139.8,140.76,129.52,130.78,517768425,13.28
2024-06-21,127.12,130.63,124.3,126.57,655484664,13.2
2024-06-24,123.24,124.46,118.04,118.11,476060866,13.33
2024-06-25,121.2,126.5,119.32,126.09,425787456,12.84
2024-06-26,126.13,128.12,122.6,126.4,362975918,12.55
2024-06-27,124.1,126.41,122.92,123.99,252571693,12.24
2024-06-28,124.58,127.71,122.75,123.54,315516740,12.44
2024-07-01,123.47,124.84,118.83,124.3,284885534,12.22
2024-07-02,121.13,123.41,121.03,122.67,218373969,12.03
2024-07-03,121.66,128.28,121.36,128.28,215748955,12.09
2024-07-05,127.38,128.85,125.68,125.83,214176689,12.48
2024-07-08,127.49,130.77,127.04,128.2,237677322,12.37
2024-07-09,130.35,133.82,128.65,131.38,287020820,12.51
2024-07-10,134.03,135.1,132.42,134.91,248978569,12.85
2024-07-11,135.75,136.15,127.05,127.4,374782738,12.92
2024-07-12,128.26,131.92,127.22,129.24,252680535,12.46
2024-07-15,130.56,131.39,127.18,128.44,208326164,13.12
2024-07-16,128.44,129.04,124.58,126.36,214769515,13.19
2024-07-17,121.35,121.85,116.72,117.99,390086189,14.48
2024-07-18,121.85,122.4,116.56,121.09,320979530,15.93
2024-07-19,120.35,121.6,117.37,117.93,217223800,16.52
2024-07-22,120.35,124.07,119.86,123.54,258068943,14.91
2024-07-23,122.78,124.69,122.1,122.59,173910983,14.72
2024-07-24,119.17,119.95,113.44,114.25,327776884,18.04
2024-07-25,113.04,116.63,106.3,112.28,460067019,18.46
2024-07-26,116.19,116.2,111.58,113.06,293399073,16.39
2024-07-29,113.69,116.28,111.3,111.59,248152068,16.6
2024-07-30,111.52,111.99,102.54,103.73,486833274,17.69
2024-07-31,112.9,118.34,110.88,117.02,473174182,16.36
2024-08-01,117.53,120.16,106.8104,109.21,523462326,18.59
2024-08-02,103.76,108.72,101.37,107.27,482027464,23.39
2024-08-05,92.06,103.41,90.69,100.45,552842375,38.57
2024-08-06,103.84,107.71,100.55,104.25,409012089,27.71
2024-08-07,107.81,108.8,98.69,98.91,411440423,27.85
2024-08-08,102,105.5,97.52,104.97,391910023,23.79
2024-08-09,105.64,106.6,103.43,104.75,290844157,20.37
2024-08-12,106.32,111.07,106.26,109.02,325559870,20.71
2024-08-13,112.44,116.23,111.58,116.14,312646660,18.12
2024-08-14,118.53,118.6,114.07,118.08,339246407,16.19
2024-08-15,118.76,123.24,117.47,122.86,318086673,15.23
2024-08-16,121.94,125,121.18,124.58,302589872,14.8
2024-08-19,124.28,130,123.42,130,318333577,14.65
2024-08-20,128.4,129.88,125.89,127.25,300087415,15.88
2024-08-21,127.315,129.35,126.66,128.5,257883572,16.27
2024-08-22,130.02,130.75,123.1,123.74,376189076,17.55
2024-08-23,125.86,129.6,125.22,129.37,323230332,15.86
2024-08-26,129.57,131.26,124.37,126.46,331964672,16.15
2024-08-27,125.05,129.2,123.88,128.3,303134573,15.43
2024-08-28,128.12,128.33,122.64,125.61,448101115,17.11
2024-08-29,121.355,124.43,116.71,117.59,453023305,15.65
2024-08-30,119.53,121.75,117.22,119.37,333751583,15
2024-09-03,116.01,116.21,107.29,108,477155100,20.72
2024-09-04,105.41,113.27,104.12,106.21,368378810,21.32
2024-09-05,104.985,109.65,104.76,107.21,306850696,19.9
2024-09-06,108.04,108.15,100.95,102.83,413638098,22.38
2024-09-09,104.88,106.55,103.69,106.47,273912015,19.45
2024-09-10,107.81,109.4,104.95,108.1,268283736,19.08
2024-09-11,109.39,117.19,107.42,116.91,441422370,17.69
2024-09-12,116.84,120.79,115.38,119.14,367100496,17.07
2024-09-13,119.08,119.955,117.6,119.1,238358328,16.56
2024-09-16,116.79,118.18,114.36,116.78,248772308,17.14
2024-09-17,118.17,118.8,114.83,115.59,231925876,17.61
2024-09-18,115.89,117.7,113.22,113.37,310318937,18.23
2024-09-19,117.35,119.66,117.25,117.87,293506438,16.33
2024-09-20,117.06,118.6181,115.3901,116,382462428,16.15
2024-09-23,116.55,116.99,114.86,116.26,206228490,15.89
2024-09-24,116.515,121.8,115.38,120.87,354966772,15.39
2024-09-25,122.02,124.94,121.61,123.51,284692948,15.41
2024-09-26,126.8,127.665,121.8,124.04,302582868,15.37
2024-09-27,123.97,124.03,119.26,121.4,271009175,16.96
2024-09-30,118.31,121.5,118.15,121.44,227053651,16.73
2024-10-01,121.765,122.4351,115.79,117,302094485,19.26
2024-10-02,116.44,119.38,115.14,118.85,221845887,18.9
2024-10-03,120.92,124.36,120.3401,122.85,277117973,20.49
2024-10-04,124.94,125.04,121.83,124.92,244465552,19.21
2024-10-07,124.99,130.64,124.95,127.72,346250233,22.64
2024-10-08,130.26,133.48,129.42,132.89,285722485,21.42
2024-10-09,134.11,134.52,131.38,132.65,246191612,20.86
2024-10-10,131.91,135,131,134.81,242311337,20.93
2024-10-11,134.01,135.78,133.66,134.8,170209474,20.46
2024-10-14,136.47,139.6,136.3,138.07,232347668,19.7
2024-10-15,137.87,138.57,128.74,131.6,377831021,20.64
2024-10-16,133.98,136.62,131.58,135.72,264879720,19.58
2024-10-17,139.34,140.89,136.87,136.93,306435921,19.11
2024-10-18,138.665,138.9,137.28,138,176090184,18.03
2024-10-21,138.13,143.71,138,143.71,264554514,18.37
2024-10-22,142.91,144.42,141.78,143.59,226311589,18.2
2024-10-23,142.03,142.43,137.46,139.56,285930038,19.24
2024-10-24,140.82,141.35,138.46,140.41,172354888,19.08
2024-10-25,140.93,144.13,140.8,141.54,205122109,20.33
2024-10-28,143,143.14,140.05,140.52,173586745,19.8
2024-10-29,140.285,142.2598,138.9,141.25,157593634,19.34
2024-10-30,139.54,140.33,136.81,139.335,179418082,20.35
2024-10-31,137.6,137.61,132.1106,132.76,270039641,23.16
2024-11-01,134.7,137.31,134.57,135.4,207127838,21.88
2024-11-04,137.21,138.96,135.57,136.05,187528173,21.98
2024-11-05,137.45,140.3701,137.33,139.91,160537373,20.49
2024-11-06,142.96,146.49,141.96,145.61,242043945,16.27
2024-11-07,146.39,148.93,146.17,148.88,207323303,15.2
2024-11-08,148.77,149.77,146.26,147.63,175665830,14.94
2024-11-11,148.68,148.85,143.57,145.26,182325620,14.97
2024-11-12,146.78,149.65,146.01,148.29,198634738,14.71
2024-11-13,149.07,149.33,145.9,146.27,191903267,14.02
2024-11-14,147.64,149,145.55,146.76,194463301,14.31
2024-11-15,144.87,145.24,140.08,141.98,250132869,16.14
2024-11-18,139.5,141.55,137.15,140.15,221865993,15.58
2024-11-19,141.32,147.13,140.99,147.01,227834912,16.35
2024-11-20,147.41,147.56,142.73,145.89,309871654,17.16
2024-11-21,149.35,152.89,140.7,146.67,400946570,16.87
2024-11-22,145.93,147.16,141.1,141.95,236406154,15.24
2024-11-25,141.99,142.05,135.82,136.02,344941875,14.6
2024-11-26,137.7,139.3,135.67,136.92,190287654,14.1
2024-11-27,135.01,137.22,131.8,135.34,226370912,14.1
2024-11-29,136.78,139.35,136.05,138.25,141863156,13.51
2024-12-02,138.83,140.45,137.825,138.63,171682777,13.34
2024-12-03,138.26,140.54,137.95,140.26,164413965,13.3
2024-12-04,141.995,145.79,140.29,145.14,231224295,13.45
2024-12-05,145.11,146.54,143.95,145.06,172621180,13.54
2024-12-06,144.6,145.7,141.31,142.44,188505573,12.77
2024-12-09,138.97,139.95,137.13,138.81,189308625,14.19
2024-12-10,139.01,141.82,133.79,135.07,210020888,14.18
2024-12-11,137.36,140.17,135.21,139.31,184905192,13.58
2024-12-12,137.08,138.44,135.8,137.34,159211393,13.92
2024-12-13,138.94,139.6,132.54,134.25,231514881,13.81
2024-12-16,134.18,134.4,130.42,132,237951130,14.69
2024-12-17,129.09,131.59,126.86,130.39,259410263,15.87
2024-12-18,133.86,136.7,128.28,128.91,277444533,27.62
2024-12-19,131.76,134.03,129.55,130.68,209719210,24.09
2024-12-20,129.81,135.28,128.22,134.7,306528553,18.36
2024-12-23,136.28,139.79,135.1201,139.67,176053506,16.78
2024-12-24,140,141.9,138.65,140.22,105156989,14.27
2024-12-26,139.7,140.85,137.73,139.93,116519090,14.73
2024-12-27,138.55,139.02,134.71,137.01,170582603,15.95
2024-12-30,134.83,140.27,134.02,137.49,167734700,17.4
2024-12-31,138.03,138.07,133.83,134.29,155659211,17.35
2025-01-02,136,138.88,134.63,138.31,198247166,17.93
2025-01-03,140.01,144.9,139.73,144.47,229322478,16.13
2025-01-06,148.59,152.156,147.8201,149.43,265377359,16.04
2025-01-07,153.03,153.13,140.01,140.14,351782174,17.82
2025-01-08,142.58,143.95,137.56,140.11,227349948,17.7
2025-01-10,137.45,139.92,134.22,135.91,207602514,19.54
2025-01-13,129.99,133.49,129.51,133.23,204808914,19.19
2025-01-14,136.05,136.38,130.05,131.76,195590485,18.71
2025-01-15,133.65,136.45,131.29,136.24,185217338,16.12
2025-01-16,138.64,138.75,133.49,133.57,209235583,16.6
2025-01-17,136.69,138.5,135.4649,137.71,201188760,15.97
2025-01-21,139.16,141.83,137.09,140.83,197748985,15.06
2025-01-22,144.66,147.79,143.67,147.07,237651395,15.1
2025-01-23,145.05,147.23,143.72,147.22,155915549,15.02
2025-01-24,148.37,148.97,141.88,142.62,234657635,14.85
2025-01-27,124.8,128.4,116.7,118.42,818830895,17.9
2025-01-28,121.81,129,116.25,128.99,579666350,16.41
2025-01-29,126.5,126.89,120.05,123.7,467120640,16.56
2025-01-30,123.1,125,118.1,124.65,392925469,15.84
2025-01-31,123.78,127.85,119.19,120.07,390372899,16.43
2025-02-03,114.75,118.57,113.01,116.66,371235677,18.62
2025-02-04,116.96,121.2,116.7,118.65,256550040,17.21
2025-02-05,121.76,125,120.76,124.83,263110629,15.77
2025-02-06,127.42,128.77,125.21,128.68,251483574,15.5
2025-02-07,129.22,130.37,125,129.84,228186298,16.54
2025-02-10,130.09,135,129.96,133.57,216989086,15.81
2025-02-11,132.58,134.48,131.02,132.8,178902379,16.02
2025-02-12,130.02,132.24,129.08,131.14,160278552,15.89
2025-02-13,131.555,136.5,131.17,135.29,197429975,15.1
2025-02-14,136.48,139.25,135.5,138.85,195479557,14.77
2025-02-18,141.27,143.44,137.925,139.4,219176627,15.35
2025-02-19,139.51,141.36,137.22,139.23,167536006,15.27
2025-02-20,140.03,140.66,136.7901,140.11,143903583,15.66
2025-02-21,140.04,141.46,134.03,134.43,228217585,18.21
2025-02-24,136.56,138.59,130.08,130.28,251381137,18.98
2025-02-25,129.98,130.2,124.44,126.63,271428711,19.43
2025-02-26,129.985,133.73,128.49,131.28,322553814,19.1
2025-02-27,135,135.01,120.01,120.15,443175846,21.13
2025-02-28,118.02,125.09,116.4,124.92,389091145,19.63
2025-03-03,123.51,123.7,112.28,114.06,411381373,22.78
2025-03-04,110.645,119.31,110.11,115.99,398163305,23.51
2025-03-05,117.58,118.2781,114.51,117.3,284337886,21.93
2025-03-06,113.53,115.35,110.22,110.57,321181861,24.87
2025-03-07,111.25,113.48,107.56,112.69,341755468,23.37
2025-03-10,109.9,111.85,105.46,106.98,361107562,27.86
2025-03-11,106.99,112.236,104.77,108.76,354865692,26.92
2025-03-12,114.12,116.76,112.88,115.74,323857454,24.23
2025-03-13,117.03,117.76,113.79,115.58,299033131,24.66
2025-03-14,118.61,121.88,118.15,121.67,277593455,21.77
2025-03-17,122.74,122.89,118.03,119.53,255501481,20.51
2025-03-18,118,119.02,114.54,115.43,299686944,21.7
2025-03-19,117.27,120.445,115.68,117.52,273426225,19.9
2025-03-20,116.55,120.2,116.47,118.53,248829749,19.8
2025-03-21,116.94,117.99,115.42,117.7,266498528,19.28
2025-03-24,119.88,122.22,119.34,121.41,228452534,17.48
2025-03-25,120.545,121.29,118.92,120.69,167447198,17.15
2025-03-26,118.73,118.84,112.71,113.76,296431667,18.33
2025-03-27,111.35,114.45,110.66,111.43,236902055,18.69
2025-03-28,111.485,112.87,109.0701,109.67,229872549,21.65
2025-03-31,105.13,110.955,103.65,108.38,299212653,22.28
2025-04-01,108.515,110.2,106.47,110.15,222614034,21.77
2025-04-02,107.29,111.98,106.79,110.42,220601243,21.51
2025-04-03,103.51,105.63,101.6,101.8,338769412,30.02
2025-04-04,98.91,100.13,92.11,94.31,532273810,45.31
2025-04-07,87.46,101.75,86.62,97.64,611041347,46.98
2025-04-08,103.805,105.85,94.46,96.3,476243392,52.33
2025-04-09,98.89,115.1,97.5301,114.33,612918336,33.62
2025-04-10,109.37,110.86,99.15,107.57,437812353,40.72
2025-04-11,108.5,111.5499,107.48,110.93,313417265,37.56
2025-04-14,114.11,114.29,109.07,110.71,264705049,30.89
2025-04-15,110.97,113.615,110.5,112.2,228966900,30.12
2025-04-16,104.55,106.79,100.45,104.49,397016870,32.64
2025-04-17,104.45,104.47,100.05,101.49,292517465,29.65
2025-04-21,98.77,99.44,95.04,96.91,288501136,33.82
2025-04-22,98.78,99.811,97.28,98.89,241004784,30.57
2025-04-23,104.52,104.8,102.02,102.71,247525971,28.45
2025-04-24,103.475,106.54,103.11,106.43,220815041,26.47
2025-04-25,106.85,111.92,105.73,111.01,251064672,24.84
2025-04-28,109.69,110.3699,106.02,108.73,207708479,25.15
2025-04-29,107.67,110.1999,107.44,109.02,170444263,24.17
2025-04-30,104.47,108.92,104.08,108.92,235044611,24.7
2025-05-01,113.08,114.94,111.3,111.61,236121507,24.6
2025-05-02,114.18,115.4,113.37,114.5,190194778,22.68
2025-05-05,112.905,114.665,112.66,113.82,133163241,23.64
2025-05-06,111.48,114.74,110.822,113.54,158525621,24.76
2025-05-07,113.045,117.68,112.2818,117.06,207827821,23.55
2025-05-08,118.25,118.68,115.85,117.37,198428122,22.48
2025-05-09,117.35,118.23,115.21,116.65,132972189,21.9
2025-05-12,121.97,123,120.28,123,225023345,18.39
2025-05-13,124.98,131.2189,124.47,129.93,330430105,18.22
2025-05-14,133.195,135.435,131.68,135.34,281180830,18.62
2025-05-15,134.295,136.3,132.66,134.83,226632563,17.83
2025-05-16,136.22,136.35,133.46,135.4,226542451,17.24
2025-05-19,132.39,135.87,132.39,135.57,193154571,18.14
2025-05-20,134.29,134.58,132.62,134.38,161514247,18.09
2025-05-21,133.06,137.4,130.59,131.8,270608738,20.87
2025-05-22,132.23,134.25,131.55,132.83,187343954,20.28
2025-05-23,130,132.68,129.16,131.29,198821324,22.29
2025-05-27,134.15,135.66,133.31,135.5,192953613,18.96
2025-05-28,136.025,137.25,134.79,134.81,304021146,19.31
2025-05-29,142.245,143.49,137.91,139.19,370615167,19.18
2025-05-30,138.715,139.62,132.92,135.13,333170851,18.57
2025-06-02,135.49,138.12,135.4,137.38,197663116,18.36
2025-06-03,138.78,142,137.95,141.22,225578783,17.69
2025-06-04,142.19,142.39,139.545,141.92,167120819,17.61
2025-06-05,142.17,144,138.83,139.99,232410759,18.48
2025-06-06,142.51,143.27,141.51,141.72,153986153,16.77
2025-06-09,143.19,145,141.94,142.63,185114494,17.16
2025-06-10,142.69,144.29,141.525,143.96,155881897,16.95
2025-06-11,144.61,144.99,141.87,142.83,167694044,17.26
2025-06-12,141.97,145,141.85,145,162364991,18.02
2025-06-13,142.48,143.58,140.855,141.97,180820565,20.82
2025-06-16,143.345,146.175,143.2001,144.69,183133666,19.11
2025-06-17,144.49,145.22,143.78,144.12,139108000,21.6
2025-06-18,144.005,145.65,143.12,145.48,161494121,20.14
2025-06-20,145.45,146.2,142.65,143.85,242956157,20.62
2025-06-23,142.5,144.78,142.03,144.17,154308941,19.83
2025-06-24,145.56,147.96,145.5,147.9,187566121,17.48
2025-06-25,149.27,154.45,149.26,154.31,269146471,16.76
2025-06-26,155.975,156.715,154,155.02,198145746,16.59
2025-06-27,156.04,158.71,155.255,157.75,263234539,16.32
2025-06-30,158.4,158.66,155.96,157.99,194580316,16.73
2025-07-01,156.29,157.2,151.49,153.3,213143621,16.83
2025-07-02,152.98,157.6,152.97,157.25,171224111,16.64
2025-07-03,158.37,160.98,157.77,159.34,143716055,16.38
2025-07-07,158.2,159.31,157.342,158.24,140138975,17.79
2025-07-08,159.33,160.22,158.39,160,138133025,16.81
2025-07-09,161.22,164.42,161.16,162.88,183656443,15.94
2025-07-10,164.32,164.5,161.61,164.1,167704075,15.78
2025-07-11,163.715,167.89,163.47,164.92,193633263,16.4
2025-07-14,165.37,165.49,162.02,164.07,136975754,17.2
2025-07-15,171.19,172.4,169.195,170.7,230627350,17.38
2025-07-16,171.06,171.75,168.9,171.37,158831509,17.16
2025-07-17,172.02,174.16,170.83,173,160841119,16.52
2025-07-18,173.64,174.25,171.26,172.41,146456416,16.41
2025-07-21,172.75,173.38,171,171.38,123126136,16.65
2025-07-22,171.34,171.39,164.58,167.03,193114327,16.5
2025-07-23,169.53,171.26,167.97,170.78,154082197,15.37
2025-07-24,172.44,173.83,171.3,173.74,128984628,15.39
2025-07-25,173.61,174.72,172.96,173.5,122316792,14.93
2025-07-28,174.02,177,173.97,176.75,140023521,15.03
2025-07-29,177.96,179.38,175.02,175.51,154077512,15.98
2025-07-30,176.51,179.89,176.04,179.27,174312208,15.48
2025-07-31,182.9,183.3,175.93,177.87,221685446,16.72
2025-08-01,174.09,176.54,170.89,173.72,204528985,20.38
2025-08-04,175.16,180.2,174.52,180,148174609,17.52
2025-08-05,179.62,180.26,175.9,178.26,156407621,17.85
2025-08-06,176.325,179.9,176.25,179.42,137192265,16.77
2025-08-07,181.57,183.88,178.795,180.77,151878365,16.57
2025-08-08,181.55,183.3,180.4,182.7,123396679,15.15
2025-08-11,182.05,183.84,180.25,182.06,138323191,16.25
2025-08-12,182.96,184.48,179.46,183.16,145729202,14.73
2025-08-13,182.615,183.97,179.35,181.59,179871724,14.49
2025-08-14,179.75,183.02,179.46,182.02,129553959,14.83
2025-08-15,181.88,181.9,178.0417,180.45,156602161,15.09
2025-08-18,180.6,182.9375,180.59,182.01,132007959,14.99
2025-08-19,182.43,182.5,175.49,175.64,185229219,15.57
2025-08-20,175.165,176,168.801,175.4,215142725,15.69
2025-08-21,174.85,176.9,173.81,174.98,140040850,16.6
2025-08-22,172.61,178.59,171.2,177.99,172789427,14.22
2025-08-25,178.35,181.91,176.57,179.81,163012789,14.79
2025-08-26,180.055,182.39,178.81,181.77,168688186,14.62
2025-08-27,181.98,182.49,179.1,181.6,235518949,14.85
2025-08-28,180.82,184.47,176.41,180.17,281787824,14.43
2025-08-29,178.11,178.15,173.145,174.18,243257873,15.36
2025-09-02,170,172.379,167.22,170.78,231164853,17.17
2025-09-03,171.06,172.41,168.875,170.62,161466040,16.35
2025-09-04,170.57,171.86,169.41,171.66,141670144,15.3
2025-09-05,168.03,169.03,164.07,167.02,224441435,15.18
2025-09-08,167.55,170.96,167.35,168.31,163769133,15.11
2025-09-09,169.09,170.98,166.7401,170.76,157548392,15.04
2025-09-10,176.64,179.29,175.47,177.33,226852020,15.35
2025-09-11,179.68,180.28,176.48,177.17,151159274,14.71
2025-09-12,177.77,178.595,176.45,177.82,124911026,14.76
2025-09-15,175.67,178.85,174.51,177.75,147061559,15.69
2025-09-16,177,177.5,174.38,174.88,140737775,16.36
2025-09-17,172.64,173.2,168.41,170.29,211843817,15.72
2025-09-18,173.98,177.1,172.96,176.24,191763313,15.7
2025-09-19,175.77,178.08,175.18,176.67,237182143,15.45
2025-09-22,175.3,184.55,174.7053,183.61,269637001,16.1
2025-09-23,181.97,182.42,176.21,178.43,192559552,16.64
2025-09-24,179.77,179.78,175.4,176.97,143564116,16.18
2025-09-25,174.48,180.26,173.125,177.69,191586733,16.74
2025-09-26,178.17,179.77,174.93,178.19,148573732,15.29
2025-09-29,180.425,184,180.32,181.85,193063455,16.12
2025-09-30,182.08,187.35,181.48,186.58,236981032,16.28
2025-10-01,185.24,188.14,183.9,187.24,173844901,16.29
2025-10-02,189.6,191.05,188.06,188.89,136805821,16.63
2025-10-03,189.19,190.36,185.38,187.62,137596896,16.65
2025-10-06,185.5,187.23,183.33,185.54,157678104,16.37
2025-10-07,186.23,189.06,184,185.04,140088008,17.24
2025-10-08,186.57,189.6,186.54,189.11,130168861,16.3
2025-10-09,192.225,195.3,191.06,192.57,182997234,16.43
2025-10-10,193.505,195.62,182.05,183.16,268774359,21.66
2025-10-13,187.965,190.1099,185.96,188.32,153482755,19.03
2025-10-14,184.77,184.8,179.7,180.03,205641380,20.81
2025-10-15,184.8,184.87,177.29,179.83,214450482,20.64
2025-10-16,182.23,183.28,179.77,181.81,179723309,25.31
2025-10-17,180.18,184.1,179.75,183.22,173135217,20.78
2025-10-20,183.13,185.2,181.73,182.64,128544711,18.23
2025-10-21,182.785,182.785,179.8,181.16,124240168,17.87
2025-10-22,181.14,183.44,176.76,180.28,162249552,18.6
2025-10-23,180.42,183.03,179.7901,182.16,111363718,17.3
2025-10-24,183.835,187.47,183.5,186.26,131296677,16.37
2025-10-27,189.99,192,188.4318,191.49,153452704,15.79
